#	Date	Country,Other	TotalCases	NewCases	TotalDeaths	NewDeaths	TotalRecovered	NewRecovered	ActiveCases	Serious,Critical	Tot Cases/1M pop	Deaths/1M pop	TotalTests	Tests/1M pop	Population	Continent
1	04-02-2022	USA	77,861,669	+303,273	924,604 	+2,693	47,786,154	+237,992	29,150,911	21,021	233,050	2,767	913,272,956	2,733,541	334,098,877 	North America
2	04-02-2022	India	42,080,664	+127,952	 501,143 	+1,056	40,247,902	+230,814	1,331,619	8,944	30,022	358	735,804,280	524,958	1,401,643,083 	Asia
3	04-02-2022	Brazil	26,319,033	+219,298	631,069 	+1,068	22,617,665	+15,159	3,070,299	8,318	122,431	2,936	63,776,166	296,675	214,969,547 	South America
4	04-02-2022	France	20,388,390	+241,049	132,207 	+355	13,762,403	+324,316	6,493,780	3,641	311,254	2,018	231,648,947	3,536,412	65,503,940 	Europe
5	04-02-2022	UK	17,689,421	+83,898	157,984 	+254	14,977,096	+145,655	2,554,341	478	258,410	2,308	458,465,073	6,697,333	68,454,876 	Europe
6	04-02-2022	Russia	12,452,765	+168,201	334,039 	+682	10,449,181	+58,449	1,669,545	2,300	85,273	2,287	247,600,000	1,695,492	146,034,298 	Europe
7	04-02-2022	Turkey	12,051,852	+111,157	88,312 	+248	11,256,942	+83,536	706,598	1,128	140,487	1,029	133,140,413	1,551,999	85,786,387 	Asia
8	04-02-2022	Italy	11,449,636	+99,557	148,167 	+433	9,083,090	+210,353	2,218,379	1,440	189,815	2,456	174,643,465	2,895,284	60,319,977 	Europe
9	04-02-2022	Germany	10,778,829	+235,511	119,234 	+165	7,953,200	+84,000	2,706,395	2,274	127,997	1,416	89,622,218	1,064,254	84,211,334 	Europe
10	04-02-2022	Spain	10,274,653	+74,937	94,235 	+195	6,573,471	+93,007	3,606,947	1,880	219,620	2,014	66,213,858	1,415,320	46,783,671 	Europe
11	04-02-2022	Argentina	8,555,379	+40,094	122,439 	+287	8,035,415	+91,402	397,525	2,692	186,566	2,670	32,925,559	718,001	45,857,235 	South America
12	04-02-2022	Iran	6,520,707	+36,908	132,681 	+57	6,130,566	+9,213	257,460	2,085	76,081	1,548	44,694,344	521,477	85,707,243 	Asia
13	04-02-2022	Colombia	5,943,783	 +13,390	135,282 	+239	5,727,705	+19,434	80,796	342	114,861	2,614	32,389,527	625,911	51,747,818 	South America
14	04-02-2022	Poland	5,083,331	+47,533	106,306 	+246	4,152,725	+53,712	824,300	1,095	134,549	2,814	31,197,805	825,765	37,780,476 	Europe
15	04-02-2022	Mexico	5,068,985	+41,115	308,141 	+648	4,209,605	+44,335	551,239	4,798	38,667	2,351	14,286,258	108,978	131,093,121 	North America
16	04-02-2022	Netherlands	4,757,035	+68,916	21,313 	+3	3,202,015	 +24,483	1,533,707	228	276,646	1,239	21,107,399	1,227,506	17,195,358 	Europe
17	04-02-2022	Indonesia	4,446,694	+32,211	144,453 	+42	4,161,987	+7,190	140,254	748	15,987	519	73,660,662	264,837	278,136,336 	Asia
18	04-02-2022	Ukraine	4,213,675	+43,778	100,983 	+174	3,660,351	+9,497	452,341	177	97,281	2,331	18,404,417	424,902	43,314,534 	Europe
19	04-02-2022	South Africa	3,618,853	+2,778	95,766 	+221	3,473,120	+7,439	49,967	546	59,815	1,583	22,405,373	370,330	60,501,086 	Africa
20	04-02-2022	Philippines	3,593,782	+8,344	54,213 	+45	3,388,282	+10,357	151,287	320	32,114	484	27,345,917	244,364	111,906,702 	Asia
21	04-02-2022	Peru	3,331,290	+22,597	206,646 	+240	N/A	N/A	N/A	1,380	98,839	6,131	25,759,330	764,277	33,704,196 	South America
22	04-02-2022	Belgium	3,267,656	+38,027	29,185 	+53	2,104,152	+8,280	1,134,319	432	280,003	2,501	30,533,656	2,616,403	11,670,087 	Europe
23	04-02-2022	Czechia	3,181,910	+37,681	37,394 	+35	2,790,745	+53,784	353,771	196	296,249	3,482	50,763,494	4,726,284	10,740,677 	Europe
24	04-02-2022	Israel	3,111,307	+62,302	9,111 	+98	2,690,657	+79,458	411,539	1,134	333,616	977	41,373,364	4,436,346	9,326,000 	Asia
25	04-02-2022	Canada	3,110,639	+14,422	34,538 	+157	2,899,123	+17,779	176,978	1,140	81,281	902	56,795,249	1,484,069	38,269,955 	North America
26	04-02-2022	Japan	3,007,476	+103,038	19,039 	+90	2,246,184	+50,701	742,253	1,042	23,896	151	34,431,344	273,571	125,858,702 	Asia
27	04-02-2022	Malaysia	2,895,014	+7,234	32,011 	+11	2,799,608	+5,254	63,395	118	87,655	969	44,851,863	1,358,026	33,027,251 	Asia
28	04-02-2022	Portugal	2,843,029	+47,199	20,127 	+50	2,180,109	+46,469	642,793	174	280,121	1,983	33,409,187	3,291,782	10,149,272 	Europe
29	04-02-2022	Australia	2,677,761	+31,936	4,073 	+84	2,425,792	+46,284	247,896	319	103,103	157	61,488,681	2,367,526	25,971,705 	Australia/Oceania
30	04-02-2022	Thailand	2,475,632	+9,909	22,253 	+22	2,366,909	+7,827	86,470	542	35,326	318	17,270,775	246,446	70,079,401 	Asia
31	04-02-2022	Romania	2,356,792	+31,776	60,452 	+96	1,972,402	+10,891	323,938	1,036	123,827	3,176	19,544,993	1,026,904	19,032,926 	Europe
32	04-02-2022	Switzerland	2,354,832	+17,006	12,895 		1,425,936	+33,312	916,001	194	268,952	1,473	17,353,304	1,981,971	8,755,578 	Europe
33	04-02-2022	Vietnam	2,315,689	+11,594	38,147 	+84	2,102,456	+8,509	175,086	2,213	23,453	386	77,273,570	782,632	98,735,454 	Asia
34	04-02-2022	Chile	2,298,737	 +39,493	39,867 	+43	1,774,364	+1,758	484,506	545	118,627	2,057	30,422,814	1,569,973	19,377,925 	South America
35	04-02-2022	Sweden	2,287,785		16,143 		1,383,268	+24,003	888,374	106	224,299	1,583	17,101,699	1,676,684	10,199,717 	Europe
36	04-02-2022	Iraq	2,240,294	+6,569	24,476 	+21	2,137,200	+7,312	78,618	175	53,775	588	17,534,658	420,892	41,660,717 	Asia
37	04-02-2022	Greece	2,020,846	+18,640	23,927 	+94	1,769,478	+11,996	227,441	564	195,405	2,314	58,404,821	5,647,441	10,341,820 	Europe
38	04-02-2022	Austria	1,995,346	+36,329	14,192 	+25	1,642,027	+27,648	339,127	199	219,549	1,562	145,771,011	16,039,287	9,088,372 	Europe
39	04-02-2022	Bangladesh	1,844,828	+9,052	28,524 	+30	1,587,374	+6,282	228,930	1,516	11,027	170	12,652,514	75,625	167,306,170 	Asia
40	04-02-2022	Denmark	1,842,278	+37,938	3,828 	+17	1,266,755	+43,650	571,695	33	316,285	657	120,933,942	20,762,111	5,824,742 	Europe
41	04-02-2022	Serbia	1,745,005	+14,519	13,868 	+61	1,435,385	+12,738	295,752	151	201,009	1,597	8,273,974	953,089	8,681,217 	Europe
42	04-02-2022	Hungary	1,616,846	+16,435	41,741 	 +105	1,347,698	+16,822	227,407	168	168,050	4,338	10,207,444	1,060,931	9,621,213 	Europe
43	04-02-2022	Pakistan	1,448,663	+6,400	29,420 	+48	1,317,385	+4,566	101,858	1,618	6,361	129	25,258,723	110,916	227,728,437 	Asia
44	04-02-2022	Jordan	1,301,492	+21,386	13,288 	+17	1,160,624	+13,724	127,580	1,101	125,570	1,282	14,963,667	1,443,717	10,364,679 	Asia
45	04-02-2022	Georgia	1,272,371	+22,263	15,141 	+39	1,053,966	+15,575	203,264		319,936	3,807	14,776,529	3,715,543	3,976,950 	Asia
46	04-02-2022	Kazakhstan	1,260,407	+6,648	13,320 	+25	1,128,207	+13,374	118,880	528	65,870	696	11,575,012	604,917	19,134,864 	Asia
47	04-02-2022	Ireland	1,205,914	+6,697	6,228 		878,627	+17,656	321,059	63	239,947	1,239	11,015,471	2,191,808	5,025,747 	Europe
48	04-02-2022	Morocco	1,143,974	+2,266	15,540 	+25	1,095,688	+4,750	32,746	293	30,418	413	11,237,010	298,791	37,608,226 	Africa
49	04-02-2022	Slovakia	1,081,929	+19,533	17,921 	+25	885,937	+7,016	178,071	268	198,015	3,280	5,720,789	1,047,023	5,463,861 	Europe
50	04-02-2022	Cuba	1,050,840	+1,434	8,427 	+7	1,033,955	 +2,721	8,458	54	92,867	745	12,751,995	1,126,941	11,315,586 	North America
51	04-02-2022	Bulgaria	988,518	+8,116	33,688 	+100	696,114	+6,788	258,716	586	143,994	4,907	8,635,902	1,257,964	6,864,985 	Europe
52	04-02-2022	Croatia	971,464	+8,094	14,035 	+46	899,743	+10,289	57,686	185	238,990	3,453	4,301,921	1,058,316	4,064,873 	Europe
53	04-02-2022	Nepal	964,119	+1,602	11,794 	+16	895,868	+8,425	56,457	100	32,167	393	5,263,830	175,624	29,972,147 	Asia
54	04-02-2022	Lebanon	957,155	+8,427	9,675 	+18	682,977		264,503	186	141,243	1,428	4,795,578	707,659	6,776,676 	Asia
55	04-02-2022	Tunisia	934,712	+4,622	26,548  	+52	821,244	+9,979	86,920	200	77,790	2,209	4,104,319	341,576	12,015,844 	Africa
56	04-02-2022	S. Korea	934,656	+27,442	6,836 	+24	642,045	+4,885	285,775	257	18,205	133	15,804,065	307,834	51,339,580 	Asia
57	04-02-2022	Norway	870,245	+20,856	1,467 		88,952		779,826	46	158,548	267	9,852,076	1,794,923	5,488,856 	Europe
58	04-02-2022	Bolivia	867,071	+3,396	21,073 	+28	709,082	+5,443	136,916	220	 72,699	1,767	2,653,186	222,454	11,926,911 	South America
59	04-02-2022	UAE	853,651	+2,114	2,258 	+5	781,970	+1,077	69,423		84,680	224	127,157,821	12,613,662	10,080,960 	Asia
60	04-02-2022	Slovenia	775,277	+12,349	5,934 	+22	573,689	+9,912	195,654	133	372,838	2,854	2,520,743	1,212,249	2,079,394 	Europe
61	04-02-2022	Belarus	760,845	+7,350	6,116 	+17	756,188	+7,707	-1,459		80,561	648	11,870,801	1,256,919	9,444,364 	Europe
62	04-02-2022	Ecuador	739,297		34,572 		N/A	N/A	N/A	759	40,913	1,913	2,470,170	136,699	18,070,186 	South America
63	04-02-2022	Lithuania	727,991	+13,116	7,955 	+16	617,227	+7,757	102,809	92	273,508	2,989	7,357,070	2,764,069	2,661,681 	Europe
64	04-02-2022	Costa Rica	721,971	+6,222	7,641 	+20	580,204	+1,356	134,126	128	139,692	1,478	3,324,431	643,234	5,168,310 	North America
65	04-02-2022	Panama	721,479	+4,308	7,813 	+25	662,866	+9,682	50,800	35	163,118	1,766	5,284,883	1,194,850	4,423,053 	North America
66	04-02-2022	Uruguay	710,874	+10,363	6,606 	+27	637,482	+10,175	66,786	165	203,518	1,891	5,329,521	 1,525,800	3,492,935 	South America
67	04-02-2022	Guatemala	705,614	+3,304	16,470 	+24	645,574	+2,199	43,570	5	38,258	893	3,644,483	197,599	18,443,807 	North America
68	04-02-2022	Saudi Arabia	702,624	+3,555	8,950  	+3	657,995	+4,023	35,679	1,042	19,693	251	38,442,632	1,077,481	35,678,251 	Asia
69	04-02-2022	Azerbaijan	683,476	+7,050	8,823 	+26	637,429	+3,435	37,224		66,454	858	6,227,883	605,534	10,284,937 	Asia
70	04-02-2022	Sri Lanka	615,902	+1,243	15,544 	+29	580,220	+440	20,138		28,572	721	6,155,804	285,566	21,556,478 	Asia
71	04-02-2022	Paraguay	601,816	+3,646	17,515 	+39	521,948	+5,978	62,353	 210	82,755	2,408	2,404,509	330,642	7,272,250 	South America
72	04-02-2022	Kuwait	570,142	+5,407	2,505 	+2	513,020	+5,846	54,617	84	130,429	573	7,052,139	1,613,294	4,371,267 	Asia
73	04-02-2022	Dominican Republic	560,037	+1,101	4,319 	+4	549,973	+754	5,745	138	50,814	392	2,979,688	270,355	11,021,404 	North America
74	04-02-2022	Myanmar	537,223	+319	19,310 		513,779	+117	4,134		9,769	351	6,469,724	117,649	54,991,627  	Asia
75	04-02-2022	Palestine	522,069	+6,570	4,875 	+10	457,476	+5,795	59,718	95	98,683	921	3,078,533	581,913	5,290,366 	Asia
76	04-02-2022	Finland	514,892	+6,952	2,058 	+17	 46,000		466,834	37	92,699	371	9,531,275	1,715,970	5,554,452 	Europe
77	04-02-2022	Venezuela	492,678	+1,662	5,474 	+5	470,361	+1,827	16,843	230	17,405	193	3,359,014	118,662	28,307,389 	South America
78	04-02-2022	Ethiopia	466,289	+163	7,355 	+2	400,374	+361	58,560	233	3,902	62	4,373,295	36,597	119,500,320 	Africa
79	04-02-2022	Moldova	460,307	+5,212	10,734 	+16	397,813	+4,818	51,760	212	114,533	2,671	 2,809,100	698,954	4,019,004 	Europe
80	04-02-2022	Mongolia	447,464	+694	2,117 	+1	313,256		132,091	192	133,077	630	4,030,048	1,198,544	3,362,453 	Asia
81	04-02-2022	Libya	445,876	+3,917	6,052 	+8	397,291	+1,615	42,533	133	63,513	862	2,261,656	322,160	7,020,278 	Africa
82	04-02-2022	Egypt	435,052	+2,291	22,819 	+39	367,026	+2,498	45,207	122	4,127	216	3,693,367	35,038	105,410,797 	Africa
83	04-02-2022	Latvia	432,370	+10,137	4,934 	+11	320,217	+5,963	107,219	76	233,345	2,663	6,205,504	3,349,033	1,852,924 	Europe
84	04-02-2022	Bahrain	405,938	+7,273	1,410 		347,011	+5,156	57,517	22	226,057	785	8,904,550	4,958,733	1,795,731 	Asia
85	04-02-2022	Honduras	397,548		10,548 		127,289		259,711	105	39,145	1,039	1,189,896	117,165	10,155,747 	North America
86	04-02-2022	Armenia	383,458	 +4,192	8,075 	+10	346,224	+2,510	29,159		129,020	2,717	2,762,988	929,648	2,972,079 	Asia
87	04-02-2022	Singapore	379,681	+13,208	866 	+6	353,167	+5,936	25,648	12	64,095	146	22,779,662	3,845,492	5,923,731 	Asia
88	04-02-2022	Estonia	366,085	+8,000	2,047 		273,196	+3,690	90,842	14	275,675	1,541	2,879,682	2,168,504	1,327,958 	Europe
89	04-02-2022	Bosnia and Herzegovina	354,325	+1,188	14,672 	+69	192,218		147,435		109,082	4,517	1,643,253	505,887	3,248,258 	Europe
90	04-02-2022	Oman	348,565	+2,524	4,158 		319,220		25,187	56	65,600	783	25,000,000	4,704,975	5,313,524 	Asia
91	04-02-2022	Qatar	343,808	+997	652 	+1	327,539	+2,913	15,617	50	122,447	232	3,317,441	1,181,507	2,807,805 	Asia
92	04-02-2022	Kenya	321,922	+158	5,604 		295,580	+46	20,738	11	5,784	101	3,247,589	58,348	55,658,676 	 Africa
93	04-02-2022	Zambia	306,777	+430	3,928 	+3	299,726	+532	3,123	58	15,975	205	3,198,039	166,530	19,203,990 	Africa
94	04-02-2022	North Macedonia	275,637	+1,493	8,533 	+39	254,340	 +2,652	12,764		132,312	4,096	1,808,494	868,117	2,083,238 	Europe
95	04-02-2022	Cyprus	268,852	+2,907	740 	+4	124,370		143,742	60	220,122	606	9,477,138	7,759,382	1,221,378 	Asia
 96	04-02-2022	Albania	263,172	+901	3,371 	+2	244,539	+2,094	15,262	23	91,609	1,173	1,686,583	587,090	2,872,784 	Europe
97	04-02-2022	Algeria	256,806	+970	6,631 	+13	170,532	+560	79,643	40	5,692	147	230,861	5,117	45,113,219 	Africa
98	04-02-2022	Botswana	256,041		2,585 		248,771		4,685	1	105,484	1,065	2,026,898	835,042	2,427,300 	Africa
99	04-02-2022	Nigeria	253,540	+35	3,136 		229,982	+89	20,422	11	1,183	15	4,116,369	19,210	214,279,253 	Africa
100	04-02-2022	Zimbabwe	230,335	+165	5,360 	+3	220,823	+468	4,152	12	15,146	352	1,999,044	131,448	15,207,891 	Africa
101	04-02-2022	Uzbekistan	226,997	+961	1,579 	+4	211,274	+348	14,144	23	6,629	46	1,377,915	40,240	34,242,584 	Asia
102	04-02-2022	Réunion	226,005		531 		165,236		60,238	60	249,590	586	1,424,291	1,572,926	905,504 	Africa
103	04-02-2022	Mozambique	224,224	+81	2,183 	+3	215,935	+448	6,106	13	6,867	67	1,232,829	37,759	32,650,149 	Africa
104	04-02-2022	Montenegro	222,434	+532	2,596 	+5	214,836	+885	5,002	60	354,085	4,132	1,124,931	1,790,741	628,193 	Europe
105	04-02-2022	Kyrgyzstan	199,164	+202	2,896 	+3	189,983	+591	6,285	131	29,745	433	1,907,195	284,835	6,695,790 	Asia
106	04-02-2022	Luxembourg	165,958	+1,978	958 	+2	133,735	+3,065	31,265	11	258,416	1,492	4,003,503	6,233,918	642,213 	Europe
107	04-02-2022	Afghanistan	165,580	+626	7,422 	+2	146,801	+33	11,357	1,124	4,106	184	862,143	21,380	40,325,316 	Asia
108	04-02-2022	Uganda	162,136	+87	3,549 	+6	99,379	+22	59,208	177	3,375	74	2,368,066	49,292	48,041,165 	Africa
109	04-02-2022	Ghana	157,220		1,404 		154,424		1,392	5	4,897	44	2,241,487	69,814	32,106,594 	Africa
110	04-02-2022	Namibia	156,182	+82	3,974 	+1	146,174	+60	6,034	9	59,742	1,520	926,848	354,536	2,614,253 	Africa
111	04-02-2022	Maldives	146,991	+1,955	280 		128,963	+1,633	17,748	25	264,506	504	2,086,954	3,755,406	555,720 	Asia
112	04-02-2022	Laos	135,660	+359	562 	+4	7,660		 127,438		18,224	75	974,775	130,950	7,443,889 	Asia
113	04-02-2022	El Salvador	135,109		3,927 	+6	120,327		10,855	56	20,664	601	1,627,890	248,973	6,538,413 	North America
114	04-02-2022	Rwanda	129,084	+45	1,445 	+1	45,522		82,117	3	9,588	107	4,542,356	337,377	13,463,727 	Africa
115	04-02-2022	Jamaica	125,517	+267	2,687 	+10	70,909	+295	51,921	25	42,095	901	804,367	269,760	2,981,785 	North America
116	04-02-2022	Cambodia	121,550	+66	3,015 		117,918	+98	617		7,113	176	2,803,413	164,058	17,087,898 	Asia
117	04-02-2022	Cameroon	116,718		1,880 		106,050		8,788	13	4,229	68	1,751,774	63,473	27,598,581 	Africa
118	04-02-2022	Guadeloupe	113,966		795 		2,250		110,921	21	284,749	1,986	830,521	2,075,094	400,233 	North America
119	04-02-2022	Trinidad and Tobago	113,898	+581	3,448 	+15	84,292		26,158	22	80,967	2,451	556,920	395,900	1,406,718 	North America
120	04-02-2022	China	106,270	+29	4,636 		99,961	+97	1,673	6	74	3	160,000,000	111,163	1,439,323,776 	Asia
121	04-02-2022	Angola	98,340	+21	1,896 		95,666	+7	778	2	2,851	55	1,388,760	40,261	34,494,243  	Africa
122	04-02-2022	Martinique	92,796		841 		104		91,851	33	247,587	2,244	602,739	1,608,157	374,801 	North America
123	04-02-2022	DRC	85,510		1,278 		50,930		33,302		911	14	846,704	9,017	93,897,384 	Africa
124	04-02-2022	Senegal	85,143	+26	1,953 	+3	81,372	+230	1,818	10	4,880	112	984,448	56,426	17,446,797 	Africa
125	04-02-2022	Malawi	84,738	+45	2,567 	+2	70,281	+148	11,890	67	4,254	129	532,347	26,728	19,917,415 	Africa
126	04-02-2022	Ivory Coast	80,821	+21	786 	+1	78,396	+109	1,639		2,948	29	1,363,297	49,721	 27,418,918 	Africa
127	04-02-2022	French Guiana	76,509	+110	383 	+2	11,254		64,872	13	245,998	1,231	572,233	1,839,889	311,015 	South America
128	04-02-2022	Suriname	74,858	+388	1,274 	+3	49,281	+2	24,303	11	125,809	2,141	218,219	366,745	595,015 	South America
129	04-02-2022	Iceland	73,530	+1,214	49 	+2	63,109	+1,505	10,372	3	213,269	142	1,622,222	4,705,148	344,776 	Europe
130	04-02-2022	Malta	68,647	+214	560 	+1	65,000	+280	3,087	5	154,813	1,263	1,211,456	2,732,080	443,419 	Europe
131	04-02-2022	Eswatini	68,540	+35	1,377 	+1	66,882	+46	281	11	58,118	 1,168	460,822	390,752	1,179,322 	Africa
132	04-02-2022	Fiji	63,274	+68	811 	+2	60,615	+127	1,848		69,777	894	492,980	543,644	906,807 	Australia/Oceania
133	04-02-2022	Guyana	61,108	+432	1,179 	+3	54,240	+640	5,689	14	77,097	1,487	514,429	649,034	792,607 	South America
134	04-02-2022	Madagascar	59,319		1,274 		53,582		4,463	224	2,058	44	370,597	12,857	28,825,057 	Africa
135	04-02-2022	Sudan	58,874		3,588 		40,329		14,957		1,294	79	562,941	12,378	45,480,517 	Africa
136	04-02-2022	Mauritania	58,407	+26	962 		56,248	+222	1,197	30	12,057	199	697,287	143,938	4,844,344 	Africa
137	04-02-2022	Cabo Verde	55,769	+15	396 		55,060	+45	313	23	98,599	700	400,982	708,928	565,617 	Africa
138	04-02-2022	Belize	53,544	+346	629 		45,711	+766	7,204	4	130,872	1,537	471,284	1,151,906	409,134 	North America
139	04-02-2022	Syria	51,741	+85	3,001 	+3	39,918	+330	8,822		2,846	165	146,269	8,046	18,177,980 	Asia
140	04-02-2022	French Polynesia	49,521	+790	636 		N/A	N/A	N/A	7	174,678	2,243			283,498 	Australia/Oceania
141	04-02-2022	Gabon	47,247	+99	302 	+1	42,857	+389	4,088	4	20,458	131	1,548,158	670,369	2,309,411 	Africa
142	04-02-2022	Barbados	47,124	+618	286 	+3	35,175	+182	11,663		163,661	993	547,395	1,901,100	287,936 	North America
143	04-02-2022	Channel Islands	43,739	+287	135 		40,278	+458	3,326		247,927	765	1,189,402	6,741,916	176,419 	Europe
144	04-02-2022	Seychelles	37,771		154 		35,517		2,100		380,304	1,551			99,318 	Africa
145	04-02-2022	Curaçao	37,638	+112	246 	+4	36,003	+168	1,389	3	227,883	1,489	457,264	2,768,545	165,164 	North America
146	04-02-2022	Burundi	37,562	+93	38 		773		 36,751		3,016	3	345,742	27,760	12,454,762 	Africa
147	04-02-2022	Papua New Guinea	37,390		597 		35,938		855	7	4,057	65	249,149	27,031	9,217,155 	Australia/Oceania
148	04-02-2022	Andorra	36,599	+129	147 		34,223	+265	2,229	14	472,477	1,898	249,838	3,225,298	77,462 	Europe
149	04-02-2022	Togo	36,550		268 		33,345		2,937		4,256	31	666,544	 77,615	8,587,874 	Africa
150	04-02-2022	Mayotte	36,474	+38	187 		2,964		33,323		128,746	660	176,919	624,489	283,302 	Africa
151	04-02-2022	Guinea	36,248	+42	426 		32,434	+61	3,388	49	2,646	31	583,463	42,588	13,700,202 	Africa
152	04-02-2022	Aruba	33,242	+42	194 		32,793	+44	255	9	309,260	1,805	177,885	1,654,914	107,489 	North America
153	04-02-2022	Tanzania	33,230		789 		N/A	N/A	N/A	7	532	13			62,444,061 	Africa
154	04-02-2022	Bahamas	32,680		748 		24,872		7,060	9	81,856	1,874	210,793	527,990	399,237 	North America
155	04-02-2022	Lesotho	32,258		694 		22,054		9,510		14,870	320	380,776	175,527	2,169,336 	Africa
156	04-02-2022	Mali	30,156	+8	715 		26,736	 +58	2,705		1,424	34	600,838	28,368	21,179,796 	Africa
157	04-02-2022	Haiti	29,593	+270	804 	+12	24,763	+205	4,026		2,546	69	132,422	11,392	11,624,189 	North America
 158	04-02-2022	Mauritius	26,584	+158	762 		25,459	+73	363		20,848	598	358,675	281,284	1,275,135 	Africa
159	04-02-2022	Benin	26,498		163 		25,506		829	5	2,098	13	604,310	47,851	12,629,028 	Africa
160	04-02-2022	Somalia	26,067	+679	1,335 		13,182		11,550		1,570	80	400,466	24,125	16,599,461 	Africa
161	04-02-2022	New Caledonia	25,780	+1,289	284 		16,131	 +751	9,365	25	88,935	980	98,964	341,402	289,875 	Australia/Oceania
162	04-02-2022	Congo	23,705		371 		20,178		3,156		4,134	65	347,815	60,653	5,734,473 	Africa
163	04-02-2022	Faeroe Islands	22,908	+1,451	20 	+1	7,693		15,195	5	465,998	407	756,000	15,378,669	49,159 	Europe
164	04-02-2022	Isle of Man	21,861	+51	73 		21,340	+94	448		254,936	851	150,753	1,758,032	85,751 	Europe
165	04-02-2022	Saint Lucia	21,399		333 		17,358		3,708	6	115,692	1,800	127,860	691,262	184,966 	North America
166	04-02-2022	Burkina Faso	20,673	+9	372 		20,227	+35	74		948	17	244,764	11,219	21,816,250 	Africa
167	04-02-2022	Timor-Leste	20,240	+63	122 		19,749	+3	369		14,899	90	226,374	166,639	1,358,469 	Asia
 168	04-02-2022	Taiwan	19,029	+71	851 		16,918	+78	1,260		797	36	10,554,808	441,891	23,885,548 	Asia
169	04-02-2022	Nicaragua	17,709		217 		4,225		13,267		2,623	32			6,750,240 	North America
170	04-02-2022	Tajikistan	17,340	+5	124 		17,183	+8	33		1,755	13			9,878,994 	Asia
171	04-02-2022	New Zealand	17,277	+272	53 		15,045	+67	2,179		3,454	11	6,117,388	1,222,964	5,002,100 	Australia/Oceania
172	04-02-2022	South Sudan	16,833	+13	137 		13,077		3,619	1	1,476	12	325,097	28,510	11,403,007 	Africa
173	04-02-2022	Brunei 	16,691		98 		15,993		600		37,579	221	705,356	1,588,067	444,160 	Asia
174	04-02-2022	Cayman Islands	15,934		15 		8,553		7,366	6	237,988	224	215,963	3,225,591	66,953 	 North America
175	04-02-2022	Equatorial Guinea	15,845	+17	182 		15,521	+96	142	5	10,732	123	273,437	185,209	1,476,372 	Africa
176	04-02-2022	Djibouti	15,507	+15	189 		15,263	 +8	55		15,340	187	275,758	272,782	1,010,908 	Africa
177	04-02-2022	Hong Kong	14,715	+131	213 		12,916	+36	1,586		1,938	28	32,291,326	4,252,218	7,593,995 	Asia
178	04-02-2022	CAR	14,023		110 		6,859		7,054	2	2,825	22	81,294	16,378	4,963,626 	Africa
179	04-02-2022	Gibraltar	13,481	+87	101 		12,084	+244	1,296	2	400,327	2,999	494,461	14,683,326	33,675 	Europe
180	04-02-2022	San Marino	12,884		109 		11,132		1,643	2	378,440	3,202	125,140	3,675,723	34,045 	Europe
181	04-02-2022	Grenada	12,774	+76	211 		11,712	 +363	851		112,690	1,861	128,480	1,133,430	113,355 	North America
182	04-02-2022	Gambia	11,880	+17	364 		11,461	+323	55	4	4,705	144	135,608	53,710	2,524,804 	Africa
183	04-02-2022	Yemen	11,131	+44	2,022 	+2	7,153	+22	1,956	23	361	65	265,253	8,592	30,872,718 	Asia
184	04-02-2022	Bermuda	10,921		118 		10,332		471		176,398	1,906	764,368	12,346,239	61,911 	North America
185	04-02-2022	Greenland	10,821		6 		2,761		8,054	15	190,086	105	164,926	2,897,149	56,927 	North America
186	04-02-2022	Dominica	9,621	+119	51 		8,624	+9	946		133,124	706	151,307	2,093,606	72,271 	North America
187	04-02-2022	Eritrea	9,619	+18	100 	+1	9,351	+28	168		2,654	28	23,693	6,537	3,624,683 	Africa
188	04-02-2022	Liechtenstein	9,469	+141	74 		8,942	+116	453	4	247,213	1,932	80,413	2,099,392	38,303 	Europe
189	04-02-2022	Saint Martin	9,439		61 		1,399		7,979	7	237,656	1,536	78,366	1,973,110	39,717 	North America
190	04-02-2022	Sint Maarten	9,386	+13	80 	+1	8,835	+36	471	10	215,019	1,833	62,056	1,421,607	43,652 	North America
191	04-02-2022	Monaco	8,703	+66	46 		 8,319	+76	338	4	219,296	1,159	54,960	1,384,871	39,686 	Europe
192	04-02-2022	Niger	8,670	+14	301 		8,149	+75	220	1	339	12	219,070	8,557	25,601,416 	Africa
193	04-02-2022	Comoros	7,870	+26	160 		7,664	+6	46		8,753	178			899,120 	Africa
194	04-02-2022	Guinea-Bissau	7,749	+23	158 	+2	6,761	+4	830	6	3,795	77	119,689	58,610	2,042,110 	Africa
195	04-02-2022	Sierra Leone	7,627	+2	125 		N/A	N/A	N/A		926	15	259,958	31,565	8,235,511 	Africa
196	04-02-2022	Liberia	7,276	+4	290 		5,747		1,239	2	1,387	55	139,824	26,648	5,247,084 	Africa
197	04-02-2022	Chad	7,155		190 		4,874		2,091		417	11	191,341	11,140	17,176,544 	Africa
 198	04-02-2022	Caribbean Netherlands	7,155	+32	29 		6,897	+56	229		268,864	1,090	30,126	1,132,046	26,612 	North America
199	04-02-2022	Antigua and Barbuda	6,732		127 		6,318		287	1	67,848	1,280	18,901	190,492	 99,222 	North America
200	04-02-2022	St. Vincent Grenadines	6,697	+2	95 		6,079	+157	523	17	60,062	852	97,275	872,406	111,502 	North America
201	04-02-2022	Sao Tome and Principe	5,908	+1	70 	 	5,727	+5	111		26,183	310	29,036	128,679	225,646 	Africa
202	04-02-2022	British Virgin Islands	5,839		51 		N/A	N/A	N/A	12	191,117	1,669	98,247	3,215,731	30,552 	North America
203	04-02-2022	Turks and Caicos	5,774	+4	34 		5,565	+75	175	4	145,985	860	419,792	10,613,673	39,552 	North America
204	04-02-2022	Bhutan	5,720	+188	4 		3,455	+229	2,261		7,285	5	1,502,892	1,914,127	785,158 	Asia
205	04-02-2022	Saint Kitts and Nevis	5,469	+2	37 		5,190	+14	242	1	101,656	688	65,141	1,210,822	53,799 	North America
206	04-02-2022	St. Barth	3,435		 6 		N/A	N/A	N/A		346,096	605	56,491	5,691,788	9,925 	North America
207	04-02-2022	Solomon Islands	2,790	+433	25 	+4	132		2,633	5	3,909	35	5,117	7,169	713,720 	Australia/Oceania
208	04-02-2022	Anguilla	2,384		8 		2,341		35	4	156,667	526	51,382	3,376,618	15,217 	North America
209	04-02-2022	Palau	2,352	+237	 		946	+96	1,406	9	129,004	 	25,288	1,387,012	18,232 	Australia/Oceania
210	04-02-2022	Kiribati	1,037	+124	 				1,037		8,474				122,371 	Australia/Oceania
211	04-02-2022	Saint Pierre Miquelon	964	+11	 1 		853	+17	110	1	167,681	174	17,273	3,004,523	5,749 	North America
212	04-02-2022	Diamond Princess	712		13 		699		0						 	
213	04-02-2022	Wallis and Futuna	454		7 		438		9		41,556	641	20,508	1,877,162	10,925 	Australia/Oceania
214	04-02-2022	Montserrat	163		1 		159	+1	3	2	32,620	200	7,796	1,560,136	4,997 	North America
215	04-02-2022	Falkland Islands	89		 		N/A	N/A	N/A		24,444		8,632	2,370,777	3,641 	South America
216	04-02-2022	Macao	79		 	 	79		0		119		5,217	7,863	663,449 	Asia
217	04-02-2022	Samoa	33		 		3		30		165				200,517 	Australia/Oceania
218	04-02-2022	Vatican City	29		 		28		1		36,070				804 	Europe
219	04-02-2022	Western Sahara	10		1 		8		1		16	2			620,737  	Africa
220	04-02-2022	MS Zaandam	9		2 		7		0						 	
221	04-02-2022	Vanuatu	7		1 		6		0		22	3	23,000	72,195	318,581 	Australia/Oceania
222	04-02-2022	Marshall Islands	7		 		7		0		117				59,827 	Australia/Oceania
223	04-02-2022	Tonga	7	+1	 		2		5		65				107,605 	Australia/Oceania
224	04-02-2022	Saint Helena	2		 		2		0		328				6,106 	Africa
225	04-02-2022	Micronesia	1		 		1		0		9				116,946 	Australia/Oceania
1	05-02-2022	USA	77,966,691	+105,022	925,655 	+1,051	47,900,252	+114,098	29,140,784	20,549	233,364	2,771	913,878,921	2,735,355	334,098,877  	North America
2	05-02-2022	India	42,188,138	+107,474	502,008 	+865	40,461,148	+213,246	1,224,982	8,944	30,099	358	738,738,628	527,052	1,401,643,083 	Asia
3	05-02-2022	Brazil	26,473,273	+154,240	631,869 	+800	 22,666,567	+48,902	3,174,837	8,318	123,149	2,939	63,776,166	296,675	214,969,547 	South America
4	05-02-2022	France	20,602,932	+214,542	132,377 	+170	14,040,177	+277,774	6,430,378	3,641	314,530	2,021	231,648,947	3,536,412	65,503,940 	Europe
5	05-02-2022	UK	17,749,999	+60,578	158,243 	+259	15,122,436	+145,340	2,469,320	478	259,295	2,312	458,465,073	6,697,333	68,454,876 	Europe
6	05-02-2022	Russia	12,630,047	+177,282	334,753 	+714	10,509,688	+60,507	1,785,606	2,300	86,487	 2,292	247,600,000	1,695,492	146,034,298 	Europe
7	05-02-2022	Turkey	12,150,567	+98,715	88,533 	+221	11,337,344	+80,402	724,690	1,128	141,637	1,032	133,561,848	1,556,912	85,786,387 	Asia
8	05-02-2022	Italy	11,542,793	+93,157	148,542 	+375	9,265,708	+182,618	2,128,543	1,411	191,359	2,463	175,489,945	2,909,317	60,319,977 	Europe
9	05-02-2022	Germany	10,945,449	+166,620	119,332 	+98	8,016,000	+62,800	2,810,117	2,274	129,976	1,417	89,622,218	1,064,254	84,211,334 	Europe
10	05-02-2022	Spain	10,274,653		94,235 		6,573,471		3,606,947	1,880	219,620	2,014	66,213,858	1,415,320	46,783,671 	Europe
11	05-02-2022	Argentina	8,577,215	+21,836	122,584 	+145	8,106,851	+71,436	 347,780	2,630	187,042	2,673	32,985,718	719,313	45,857,235 	South America
12	05-02-2022	Iran	6,543,837	+23,130	132,745 	+64	6,138,692	+8,126	272,400	2,282	76,351	1,549	44,694,344	521,477	85,707,243 	Asia
13	05-02-2022	 Colombia	5,956,350	+12,567	135,518 	+236	5,743,430	+15,725	77,402	342	115,103	2,619	32,417,551	626,453	51,747,818 	South America
14	05-02-2022	Poland	5,129,077	+45,746	106,578 	+272	4,212,146	+59,421	810,353	1,109	135,760	2,821	31,360,622	830,075	 37,780,476 	Europe
15	05-02-2022	Mexico	5,106,048	+37,063	308,829 	+688	4,249,493	+39,888	547,726	4,798	38,950	2,356	14,347,746	109,447	131,093,121 	North America
16	05-02-2022	Netherlands	4,797,157	+40,122	21,323 	 +10	3,226,587	+24,572	1,549,247	216	278,980	1,240	21,107,399	1,227,506	17,195,358 	Europe
17	05-02-2022	Indonesia	4,480,423	+33,729	144,497 	+44	4,172,458	+10,471	163,468	792	16,109	520	74,135,656	266,544	278,136,336 	Asia
18	05-02-2022	Ukraine	4,256,208	+42,533	101,168 	+185	3,669,979	+9,628	485,061	177	98,263	2,336	18,496,292	427,023	43,314,534 	Europe
19	05-02-2022	South Africa	3,622,210	+3,357	95,817 	+51	3,477,336	+4,216	49,057	546	59,870	1,584	22,443,199	370,955	60,501,086 	Africa
20	05-02-2022	Philippines	3,601,207	+7,425	54,214 	+1	3,410,384	+22,102	136,609	317	32,180	484	27,475,712	245,523	111,906,702 	Asia
21	05-02-2022	Peru	 3,349,298	+18,008	206,891 	+245	N/A	N/A	N/A	1,386	99,373	6,138	25,854,325	767,095	33,704,196 	South America
22	05-02-2022	Belgium	3,296,038	+28,382	29,227 	+42	2,122,729	+18,577	1,144,082	431	282,435	2,504	30,615,667	2,623,431	11,670,087 	 Europe
23	05-02-2022	Czechia	3,210,607	+28,697	37,430 	+36	2,835,673	+44,928	337,504	202	298,920	3,485	50,901,709	4,739,153	10,740,677 	Europe
24	05-02-2022	Israel	3,142,818	+31,511	9,138 	+27	2,757,352	+66,695	376,328	1,229	336,995	980	41,373,364	4,436,346	9,326,000 	Asia
25	05-02-2022	Canada	3,118,485	+7,846	34,637 	+99	2,905,492	+6,369	178,356	1,140	81,487	905	56,795,249	1,484,069	38,269,955 	North America
26	05-02-2022	Japan	3,101,907	+94,431	19,131 	+92	2,314,527	+68,343	768,249	1,099	24,646	152	34,670,683	275,473	125,858,702 	Asia
27	05-02-2022	Malaysia	2,904,131	+9,117	32,025 	+14	2,806,154	+6,546	65,952	123	87,931	970	 44,851,863	1,358,026	33,027,251 	Asia
28	05-02-2022	Portugal	2,884,540	+41,511	20,171 	+44	2,226,548	+46,439	637,821	169	284,212	1,987	33,409,187	3,291,782	10,149,272 	Europe
29	05-02-2022	Australia	2,705,701	+27,940	 4,156 	+83	2,466,254	+40,462	235,291	304	104,179	160	61,539,243	2,369,473	25,971,705 	Australia/Oceania
30	05-02-2022	Thailand	2,486,122	+10,490	22,274 	+21	2,375,388	+8,479	88,460	542	35,476	318	17,270,775	246,446	70,079,401 	Asia
31	05-02-2022	Romania	2,385,713	+28,921	60,560 	+108	1,985,922	+13,520	339,231	1,042	125,347	3,182	19,633,797	1,031,570	19,032,926 	Europe
32	05-02-2022	Switzerland	2,354,832		12,895 		1,425,936		916,001	194	268,952	1,473	17,353,304	1,981,971	8,755,578 	Europe
33	05-02-2022	Chile	2,335,034	+36,297	39,930 	+63	1,777,433	+3,069	517,671	573	120,500	2,061	30,558,887	1,576,995	19,377,925 	South America
34	05-02-2022	Vietnam	2,327,859	+12,170	38,261 	+114	2,105,913	+3,457	183,685	2,827	23,577	388	77,287,961	782,778	98,735,454 	Asia
35	05-02-2022	Sweden	2,287,785		16,143 		1,383,268		888,374	106	224,299	1,583	17,101,699	1,676,684	10,199,717 	 Europe
36	05-02-2022	Iraq	2,244,610	+4,316	24,499 	+23	2,142,122	+4,922	77,989	166	53,878	588	17,553,296	421,339	41,660,717 	Asia
37	05-02-2022	Greece	2,036,869	+16,023	23,999 	+72	1,769,478	 	243,392	567	196,955	2,321	58,724,839	5,678,385	10,341,820 	Europe
38	05-02-2022	Austria	2,027,604	+32,258	14,214 	+22	1,670,057	+28,030	343,333	198	223,099	1,564	146,316,923	16,099,355	9,088,372 	Europe
39	05-02-2022	Denmark	1,879,407	+37,129	3,863 	+35	1,300,573	+33,818	574,971	31	322,659	663	121,229,739	20,812,894	5,824,742 	Europe
40	05-02-2022	Bangladesh	1,853,187	+8,359	28,560 	+36	1,594,391	+7,017	230,236	1,516	11,077	171	12,687,588	75,835	167,306,170 	Asia
41	05-02-2022	Serbia	1,757,741	+12,736	13,928 	+60	1,453,330	+17,945	290,483	153	202,476	1,604	8,302,346	956,357	8,681,217 	Europe
42	05-02-2022	Hungary	1,616,846		41,741  		1,347,698		227,407	168	168,050	4,338	10,207,444	1,060,931	9,621,213 	Europe
43	05-02-2022	Pakistan	1,454,800	+6,137	29,448 	+28	1,333,732	+16,347	91,620	1,649	6,388	129	25,322,136	111,194	227,728,437 	Asia
44	05-02-2022	Jordan	1,314,243	+12,751	13,300 	+12	1,163,790	+3,166	137,153	1,101	126,800	1,283	15,014,106	1,448,584	10,364,679 	Asia
45	05-02-2022	Georgia	1,295,505	+23,134	15,174 	+33	1,071,560	+17,594	208,771		325,753	3,815	14,852,734	3,734,705	3,976,950 	Asia
46	05-02-2022	Kazakhstan	1,266,128	+5,721	13,340 	+20	1,143,107	+14,900	109,681	528	66,169	697	11,575,012	604,917	19,134,864 	Asia
47	05-02-2022	Ireland	1,205,914		6,228 		878,627		321,059	63	239,947	1,239	11,015,471	2,191,808	5,025,747 	Europe
48	05-02-2022	Morocco	1,146,041	+2,067	15,575 	+35	1,099,675	+3,987	30,791	293	30,473	414	11,237,010	298,791	37,608,226 	Africa
49	05-02-2022	Slovakia	1,101,506	+19,577	17,938 	+17	892,390	+6,453	191,178	267	201,598	3,283	5,757,930	1,053,821	5,463,861 	Europe
50	05-02-2022	Cuba	1,052,220	+1,380	8,431 	+4	1,036,061	+2,106	7,728	48	92,989	745	12,769,621	1,128,498	11,315,586 	North America
51	05-02-2022	Bulgaria	993,255	+4,737	33,728 	+40	699,898	+3,784	259,629	585	144,684	4,913	8,657,153	1,261,059	6,864,985 	Europe
52	05-02-2022	Croatia	979,000	+7,536	14,078 	+43	908,902	+9,159	56,020	185	240,844	3,463	4,317,235	1,062,084	4,064,873 	Europe
53	05-02-2022	S. Korea	971,018	+36,362	6,858 	+22	648,795	+6,750	315,365	269	18,914	134	15,804,065	307,834	51,339,580 	Asia
54	05-02-2022	Lebanon	965,627	+8,472	9,694 	+19	682,977		272,956	186	142,493	1,430	4,795,578	707,659	6,776,676 	Asia
55	05-02-2022	Nepal	965,222	+1,103	11,803 	+9	900,639	+4,771	52,780	100	32,204	394	5,269,055	175,798	29,972,147 	Asia
56	05-02-2022	Tunisia	940,223	+5,511	26,612 	+64	828,324	+7,080	85,287	200	78,249	2,215	4,119,762	342,861	12,015,844 	Africa
57	05-02-2022	Norway	883,388	+13,143	1,467 		88,952		792,969	47	160,942	267	9,852,076	1,794,923	5,488,856 	Europe
58	05-02-2022	Bolivia	869,892	+2,821	21,102 	+29	715,866	+6,784	132,924	220	72,935	 1,769	2,653,186	222,454	11,926,911 	South America
59	05-02-2022	UAE	855,642	+1,991	2,262 	+4	783,119	+1,149	70,261		84,877	224	127,645,974	12,662,085	10,080,960 	Asia
60	05-02-2022	Slovenia	786,957	 +11,680	5,959 	+25	583,624	+9,935	197,374	133	378,455	2,866	2,524,773	1,214,187	2,079,394 	Europe
61	05-02-2022	Belarus	769,076	+8,231	6,132 	+16	757,436	+1,248	5,508		81,432	649	11,909,629	1,261,030	9,444,364 	Europe
62	05-02-2022	Lithuania	740,691	+12,700	7,972 	+17	633,828	+16,601	98,891	99	278,279	2,995	7,388,202	2,775,765	2,661,681 	Europe
63	05-02-2022	Ecuador	739,297		34,572 		N/A	N/A	 N/A	759	40,913	1,913	2,470,170	136,699	18,070,186 	South America
64	05-02-2022	Panama	725,068	+3,589	7,824 	+11	671,221	+8,355	46,023	83	163,929	1,769	5,301,944	1,198,707	4,423,053 	North America
65	05-02-2022	Costa Rica	721,971		7,641 		580,204		134,126	128	139,692	1,478	3,324,431	643,234	5,168,310 	North America
66	05-02-2022	Uruguay	719,948	+9,074	6,625 	+19	647,490	+10,008	65,833	158	206,115	1,897	5,353,887	1,532,776	3,492,935  	South America
67	05-02-2022	Guatemala	709,910	+4,296	16,495 	+25	648,050	+2,476	45,365	5	38,490	894	3,658,004	198,332	18,443,807 	North America
68	05-02-2022	Saudi Arabia	705,637	+3,013	8,953 	+3	662,819	+4,824	33,865	1,056	19,778	251	38,555,878	1,080,655	35,678,251 	Asia
69	05-02-2022	Azerbaijan	691,180	+7,704	8,846 	+23	641,538	+4,109	40,796		67,203	860	6,248,414	607,531	10,284,937 	Asia
70	05-02-2022	Sri Lanka	617,189	+1,287	15,572 	+28	580,770	+550	20,847		28,631	722	6,155,804	285,566	21,556,478 	Asia
71	05-02-2022	Paraguay	605,005	+3,189	17,558 	+43	527,537	+5,589	59,910	210	83,194	2,414	2,416,585	332,302	7,272,250 	South America
72	05-02-2022	Kuwait	574,587	+4,445	2,508 	+3	518,170	+5,150	53,909	86	131,446	574	7,082,185	1,620,168	4,371,267 	Asia
73	05-02-2022	Dominican Republic	561,657	+1,620	4,322 	+3	552,489	+2,516	4,846	124	50,961	392	2,988,770	271,179	11,021,404 	North America
74	05-02-2022	Myanmar	537,569	+346	19,310 		513,952	+173	4,307		9,775	351	6,497,168	118,148	54,991,627 	Asia
75	05-02-2022	Palestine	525,120	+3,051	4,883 	+8	463,479	+6,003	56,758	105	99,260	923	3,078,533	581,913	5,290,366 	Asia
76	05-02-2022	Finland	514,892		2,058 		46,000		466,834	37	92,699	371	9,531,275	1,715,970	5,554,452 	Europe
77	05-02-2022	Venezuela	494,835	+2,157	5,481 	+7	472,220	+1,859	17,134	230	17,481	194	3,359,014	118,662	28,307,389 	South America
78	05-02-2022	Ethiopia	466,455	+166	7,356 	+1	400,734	+360	58,365	232	3,903	62	4,382,926	36,677	119,500,320 	Africa
79	05-02-2022	Moldova	464,234	+3,927	10,755 	+21	402,597	+4,784	50,882	212	115,510	2,676	2,809,100	698,954	4,019,004 	Europe
80	05-02-2022	Mongolia	448,034	+570	2,121 	+4	313,256		132,657	192	133,246	631	4,030,048	1,198,544	3,362,453 	Asia
81	05-02-2022	Libya	445,876		6,052 		397,291	 	42,533	133	63,513	862	2,261,656	322,160	7,020,278 	Africa
82	05-02-2022	Latvia	442,871	+10,501	4,945 	+11	325,995	+5,778	111,931	70	239,012	2,669	6,232,602	3,363,658	1,852,924 	Europe
83	05-02-2022	Egypt	437,350	+2,298	22,877 	+58	369,011	+1,985	45,462	122	4,149	217	3,693,367	35,038	105,410,797 	Africa
84	05-02-2022	Bahrain	413,372	+7,434	1,411 	+1	352,928	+5,917	59,033	22	230,197	786	8,933,720	4,974,977	1,795,731 	Asia
85	05-02-2022	Honduras	397,548		10,548 		127,289		259,711	105	39,145	1,039	1,189,896	117,165	10,155,747 	North America
86	05-02-2022	Singapore	390,071	+10,390	868 	+2	355,611	+2,444	33,592	23	65,849	147	22,779,662	3,845,492	5,923,731 	Asia
87	05-02-2022	Armenia	387,490	+4,032	8,081 	+6	348,356	+2,132	31,053		130,377	2,719	2,771,845	932,628	2,972,079 	Asia
88	05-02-2022	Estonia	373,898	+7,813	2,056 	+9	280,666	+7,470	91,176	13	281,559	1,548	2,893,422	2,178,851	1,327,958 	Europe
89	05-02-2022	Bosnia and Herzegovina	354,325		14,672 		192,218		147,435		109,082	4,517	1,643,253	505,887	3,248,258 	Europe
90	05-02-2022	Oman	350,103	+1,538	4,158 		319,220		26,725	56	65,889	783	25,000,000	4,704,975	5,313,524 	Asia
91	05-02-2022	Qatar	344,711	+903	652  		329,853	+2,314	14,206	44	122,769	232	3,319,909	1,182,386	2,807,805 	Asia
92	05-02-2022	Kenya	322,043	+121	5,607 	+3	295,697	+117	20,739	11	5,786	101	3,254,043	58,464	55,658,676 	Africa
93	05-02-2022	Zambia	306,777		3,928 		299,726		3,123	58	15,975	205	3,198,039	166,530	19,203,990 	Africa
94	05-02-2022	North Macedonia	277,137	+1,500	8,549 	+16	254,862	+522	13,726		133,032	4,104	1,814,187	870,850	2,083,238 	Europe
95	05-02-2022	Cyprus	271,420	+2,568	741 	+1	124,370		146,309	60	222,224	607	9,477,138	7,759,382	1,221,378 	Asia
96	05-02-2022	Albania	263,965	+793	 3,376 	+5	246,087	+1,548	14,502	23	91,885	1,175	1,686,583	587,090	2,872,784 	Europe
97	05-02-2022	Algeria	257,598	+792	6,640 	+9	171,045	+513	79,913	34	5,710	147	230,861	5,117	45,113,219 	Africa
98	05-02-2022	Botswana	256,041		2,585 		248,771		4,685	1	105,484	1,065	2,026,898	835,042	2,427,300 	Africa
99	05-02-2022	Nigeria	253,685	+145	3,139 	+3	230,126	+144	20,420	11	1,184	15	4,116,369	19,210	214,279,253 	Africa
100	05-02-2022	Zimbabwe	230,402	+67	5,362 	+2	221,027	+204	4,013	12	15,150	353	2,003,328	131,730	15,207,891 	Africa
101	05-02-2022	Uzbekistan	227,909	+912	1,581 	+2	211,731	+457	14,597	23	6,656	46	1,377,915	40,240	34,242,584 	Asia
102	05-02-2022	Réunion	226,005		531 		165,236		60,238	60	249,590	586	1,424,291	1,572,926	905,504 	Africa
103	05-02-2022	Mozambique	224,309	+85	2,183 		216,889	+954	5,237	13	6,870	67	1,235,592	37,843	32,650,149 	Africa
104	05-02-2022	Montenegro	222,961	+527	2,599 	+3	215,702	+866	 4,660	60	354,924	4,137	1,127,032	1,794,086	628,193 	Europe
105	05-02-2022	Kyrgyzstan	199,326	+162	2,899 	+3	190,368	+385	6,059	131	29,769	433	1,907,195	284,835	6,695,790 	Asia
106	05-02-2022	Luxembourg	165,958		958 		133,735		31,265	11	258,416	1,492	4,003,503	6,233,918	642,213 	Europe
107	05-02-2022	Afghanistan	165,712	+132	7,425 	+3	146,850	+49	11,437	1,124	4,109	184	863,374	21,410	40,325,316  	Asia
108	05-02-2022	Uganda	162,203	+67	3,552 	+3	99,389	+10	59,262	177	3,376	74	2,372,169	49,378	48,041,165 	Africa
109	05-02-2022	Ghana	157,541	+321	1,412 	+8	154,938	+514	1,191	5	4,907	44	2,241,487	69,814	32,106,594 	Africa
110	05-02-2022	Namibia	156,301	+119	3,977 	+3	147,056	+882	5,268	8	59,788	1,521	928,364	355,116	2,614,253 	Africa
111	05-02-2022	Maldives	148,580	+1,589	281 	+1	130,649	+1,686	17,650	25	267,365	506	2,092,571	3,765,513	555,720 	Asia
112	05-02-2022	Laos	136,148	+488	565 	+3	7,660		127,923		18,290	76	977,681	 131,340	7,443,889 	Asia
113	05-02-2022	El Salvador	135,109		3,927 		120,327		10,855	56	20,664	601	1,627,890	248,973	6,538,413 	North America
114	05-02-2022	Rwanda	129,125	+41	1,446 	+1	45,522		82,157	3	9,591	107	4,557,626	338,511	13,463,727 	Africa
115	05-02-2022	Jamaica	125,781	+264	2,691 	+4	71,281	+372	51,809	25	42,183	902	806,308	270,411	2,981,785 	North America
116	05-02-2022	Cambodia	121,662	+112	3,015 		118,023	+105	624		7,120	176	2,804,799	164,139	17,087,898 	Asia
117	05-02-2022	Cameroon	116,718		1,880 		106,050		8,788	13	4,229	68	1,751,774	63,473	27,598,581 	Africa
118	05-02-2022	Trinidad and Tobago	114,765	+867	3,454 	+6	91,028	+6,736	20,283	22	81,584	2,455	585,393	416,141	1,406,718 	North America
119	05-02-2022	Guadeloupe	113,966		795  		2,250		110,921	21	284,749	1,986	830,521	2,075,094	400,233 	North America
120	05-02-2022	China	106,297	+27	4,636 		100,090	+129	1,571	6	74	3	160,000,000	111,163	1,439,323,776 	Asia
121	05-02-2022	Angola	98,351	+11	1,896 		95,863	+197	592	2	2,851	55	1,388,760	40,261	34,494,243 	Africa
122	05-02-2022	Martinique	92,796		841 		104		91,851	33	247,587	2,244	602,739	1,608,157	374,801 	North America
123	05-02-2022	DRC	85,510		1,278 		50,930		33,302		911	14	846,704	9,017	93,897,384 	Africa
124	05-02-2022	Senegal	85,178	+35	1,955 	+2	81,608	+236	1,615	9	4,882	112	985,904	56,509	17,446,797 	Africa
125	05-02-2022	Malawi	84,795	+57	2,570 	+3	70,368	+87	11,857	67	4,257	129	533,146	26,768	19,917,415 	Africa
126	05-02-2022	Ivory Coast	80,901	+80	786 		78,526	+130	1,589		2,951	29	1,367,281	49,866	27,418,918 	Africa
127	05-02-2022	French Guiana	76,509		383 		11,254		64,872	13	245,998	1,231	572,233	1,839,889	311,015 	South America
128	05-02-2022	Suriname	75,252	+394	1,274 		49,288	+7	24,690	13	126,471	2,141	218,954	367,981	595,015 	South America
129	05-02-2022	Iceland	73,530		49 		63,109		10,372	3	213,269	142	1,622,222	4,705,148	344,776 	Europe
130	05-02-2022	Malta	68,842	+195	 565 	+5	65,310	+310	2,967	5	155,253	1,274	1,211,456	2,732,080	443,419 	Europe
131	05-02-2022	Eswatini	68,551	+11	1,377 		66,923	+41	251	11	58,127	1,168	461,610	391,420	1,179,322 	Africa
132	05-02-2022	Fiji	63,274		811 		60,615		1,848		69,777	894	492,980	543,644	906,807 	Australia/Oceania
133	05-02-2022	Madagascar	61,434	+2,115	1,307 	+33	54,687	+1,105	5,440	224	2,131	45	379,426	13,163	28,825,057 	Africa
134	05-02-2022	Guyana	61,404	+296	1,180 	+1	54,740	+500	5,484	14	77,471	1,489	515,731	650,677	792,607 	South America
135	05-02-2022	Sudan	58,874	 	3,588 		40,329		14,957		1,294	79	562,941	12,378	45,480,517 	Africa
136	05-02-2022	Mauritania	58,443	+36	964 	+2	56,386	+138	1,093	30	12,064	199	699,456	144,386	4,844,344 	Africa
137	05-02-2022	Cabo Verde	55,772	+3	396 		55,067	+7	309	23	98,604	700	400,982	708,928	565,617 	Africa
138	05-02-2022	Belize	53,544		629 		45,711		7,204	4	 130,872	1,537	471,284	1,151,906	409,134 	North America
139	05-02-2022	Syria	51,826	+85	3,004 	+3	40,243	+325	8,579		2,851	165	146,269	8,046	18,177,980 	Asia
140	05-02-2022	French Polynesia	49,521		636 		N/A	N/A	N/A	7	174,678	2,243			283,498 	Australia/Oceania
141	05-02-2022	Barbados	47,777	+653	286 		35,175		12,316		165,929	993	550,098	1,910,487	287,936 	North America
142	05-02-2022	Gabon	47,247		302 		42,857		4,088	4	20,458	131	1,548,158	670,369	2,309,411 	Africa
143	05-02-2022	Channel Islands	43,739		135 		40,278		3,326		247,927	765	1,189,402	6,741,916	176,419 	Europe
144	05-02-2022	Seychelles	37,771		154 		35,517		2,100		380,304	1,551			99,318 	Africa
145	05-02-2022	Curaçao	37,747	+109	246 		36,150	+147	1,351	3	228,543	1,489	458,979	2,778,929	165,164 	North America
146	05-02-2022	Burundi	37,562		38 		773		36,751		3,016	3	345,742	27,760	12,454,762 	Africa
147	05-02-2022	Papua New Guinea	37,390		597 		35,938		855	7	4,057	65	249,149	27,031	9,217,155 	Australia/Oceania
148	05-02-2022	Andorra	36,599		147 		34,223		2,229	14	472,477	1,898	249,838	3,225,298	77,462 	Europe
149	05-02-2022	Togo	36,557	+7	268 		33,562	+217	2,727		4,257	31	667,349	77,708	8,587,874 	Africa
150	05-02-2022	Mayotte	36,474		187 	 	2,964		33,323		128,746	660	176,919	624,489	283,302 	Africa
151	05-02-2022	Guinea	36,262	+14	428 	+2	32,499	+65	3,335	49	2,647	31	584,223	42,643	13,700,202 	Africa
152	05-02-2022	Aruba	33,282	+40	195 	+1	32,877	+84	210	9	309,632	1,814	177,885	1,654,914	107,489 	North America
153	05-02-2022	Tanzania	33,230		789 		N/A	N/A	N/A	7	532	13			62,444,061 	Africa
154	05-02-2022	Bahamas	32,715	+35	749 	+1	24,968	+96	6,998	9	81,944	1,876	211,144	528,869	399,237 	North America
155	05-02-2022	Lesotho	32,258		694 		22,054		9,510		14,870	320	380,776	175,527	2,169,336 	Africa
156	05-02-2022	Mali	30,156		715 		26,736		2,705		1,424	34	600,838	28,368	21,179,796 	Africa
157	05-02-2022	Haiti	29,593		804 		24,763		4,026		2,546	69	132,422	11,392	11,624,189 	North America
158	05-02-2022	Mauritius	26,584		762 		25,459		363		20,848	598	358,675	281,284	1,275,135 	Africa
159	05-02-2022	Benin	26,498		163 		25,506		829	5	2,098	13	604,310	47,851	12,629,028 	Africa
160	05-02-2022	Somalia	26,067		1,335 		13,182	 	11,550		1,570	80	400,466	24,125	16,599,461 	Africa
161	05-02-2022	New Caledonia	25,780		284 		16,131		9,365	25	88,935	980	98,964	341,402	289,875 	Australia/Oceania
162	05-02-2022	 Congo	23,705		371 		20,178		3,156		4,134	65	347,815	60,653	5,734,473 	Africa
163	05-02-2022	Faeroe Islands	23,585	+677	20 		7,693		15,872	5	479,770	407	756,000	15,378,669	49,159 	Europe
164	05-02-2022	Isle of Man	21,861		73 		21,340		448		254,936	851	150,753	1,758,032	85,751 	Europe
165	05-02-2022	Saint Lucia	21,513	+114	341 	+8	17,841	+483	3,331	5	116,308	1,844	128,357	693,949	184,966 	North America
166	05-02-2022	Burkina Faso	20,679	+6	372 		20,227		80		948	17	244,764	11,219	21,816,250 	Africa
167	05-02-2022	Timor-Leste	20,328	+88	122 		19,749		457		14,964	90	235,346	173,244	1,358,469 	Asia
168	05-02-2022	Taiwan	19,101	+72	851 		16,969	+51	1,281		800	36	10,589,032	443,324	23,885,548 	Asia
169	05-02-2022	Nicaragua	17,709		217 		4,225		13,267		2,623	32			6,750,240 	North America
170	05-02-2022	New Zealand	17,546	+269	53 		15,105	+60	 2,388		3,508	11	6,138,862	1,227,257	5,002,100 	Australia/Oceania
171	05-02-2022	Brunei 	17,404	+713	98 		16,106	+113	1,200		39,184	221	705,356	1,588,067	444,160 	Asia
172	05-02-2022	Tajikistan	17,344	+4	124 		17,188	+5	32		1,756	13			9,878,994 	Asia
173	05-02-2022	South Sudan	16,833		137 		13,077		3,619	1	1,476	12	325,097	28,510	11,403,007 	Africa
174	05-02-2022	Cayman Islands	15,934		15 		8,553		7,366	6	237,988	224	215,963	3,225,591	66,953 	North America
175	05-02-2022	Equatorial Guinea	15,845		182 		15,521		142	 5	10,732	123	273,437	185,209	1,476,372 	Africa
176	05-02-2022	Djibouti	15,510	+3	189 		15,276	+13	45		15,343	187	275,967	272,989	1,010,908 	Africa
177	05-02-2022	Hong Kong	15,066	+351	213 		12,916		1,937		1,984	28	32,291,326	4,252,218	7,593,995 	Asia
178	05-02-2022	CAR	14,023		110 		6,859		7,054	2	2,825	22	81,294	16,378	4,963,626 	Africa
179	05-02-2022	Gibraltar	13,577	+96	101 		12,246	+162	1,230	2	403,177	2,999	495,386	14,710,794	33,675 	Europe
180	05-02-2022	San Marino	12,884		109 		11,132		1,643	2	378,440	3,202	125,140	3,675,723	34,045 	Europe
181	05-02-2022	Grenada	12,834	+60	211 		11,862	+150	761		113,220	1,861	129,032	1,138,300	113,355 	North America
182	05-02-2022	Gambia	11,880		364 		11,461		55	4	4,705	144	135,608	53,710	2,524,804 	Africa
183	05-02-2022	Yemen	11,149	+18	2,026 	+4	7,165	+12	1,958	23	361	66	265,253	8,592	30,872,718 	Asia
184	05-02-2022	Bermuda	10,921		118 		10,332		471		176,398	1,906	764,368	12,346,239	61,911 	North America
185	05-02-2022	Greenland	10,821		6 		2,761		8,054	15	190,086	105	164,926	2,897,149	56,927 	North America
186	05-02-2022	Dominica	9,722	+101	51 		8,666	+42	1,005		134,521	706	152,095	2,104,509	72,271 	North America
187	05-02-2022	Eritrea	9,631	+12	100 		9,363	+12	168		2,657	28	23,693	6,537	3,624,683 	Africa
188	05-02-2022	Liechtenstein	9,611	+142	74 		8,942		595	4	250,920	1,932	80,413	2,099,392	38,303 	Europe
189	05-02-2022	Saint Martin	9,439		61 		1,399		7,979	7	237,656	1,536	78,366	1,973,110	39,717 	North America
190	05-02-2022	Sint Maarten	9,396	+10	81 	+1	8,863	+28	452	10	215,248	1,856	62,056	1,421,607	43,652 	North America
191	05-02-2022	Monaco	8,761	+58	46 		8,362	+43	353	4	220,758	1,159	54,960	1,384,871	39,686 	Europe
192	05-02-2022	Niger	8,682	 +12	302 	+1	8,157	+8	223	1	339	12	219,395	8,570	25,601,416 	Africa
193	05-02-2022	Comoros	7,928	+58	160 		7,665	+1	103		8,818	178			899,120 	Africa
194	05-02-2022	Guinea-Bissau	7,749		158 		6,761		830	6	3,795	77	119,689	58,610	2,042,110 	Africa
195	05-02-2022	Sierra Leone	7,627		125 		N/A	N/A	N/A		926	15	259,958	31,565	8,235,511 	Africa
196	05-02-2022	Liberia	7,276		290 		5,747		1,239	2	1,387	55	139,824	26,648	5,247,084 	Africa
197	05-02-2022	Caribbean Netherlands	7,184	+29	29 		6,944	+47	211		269,953	1,090	30,126	1,132,046	26,612 	North America
198	05-02-2022	Chad	7,155		190 		4,874		2,091		417	11	191,341	11,140	17,176,544 	Africa
199	05-02-2022	Antigua and Barbuda	6,732		127 		6,318		287	1	67,848	1,280	18,901	190,492	99,222 	North America
200	05-02-2022	St. Vincent Grenadines	6,705	+8	99 	+4	6,170	+91	436	17	60,133	888	97,310	872,720	111,502 	North America
201	05-02-2022	Bhutan	5,934	+214	4 		3,557	+102	2,373		7,558	5	1,509,641	1,922,723	785,158 	Asia
202	05-02-2022	Sao Tome and Principe	5,911	+3	71 	+1	5,758	+31	82		26,196	315	29,036	128,679	225,646 	Africa
203	05-02-2022	British Virgin Islands	5,839		51 		N/A	N/A	N/A	12	191,117	1,669	98,247	3,215,731	30,552 	North America
204	05-02-2022	Turks and Caicos	5,778	+4	35 	+1	5,614	+49	129	4	146,086	885	419,792	10,613,673	39,552 	North America
205	05-02-2022	Saint Kitts and Nevis	5,475	+6	37 		5,221	+31	217	1	101,768	688	65,141	1,210,822	53,799 	North America
206	05-02-2022	St. Barth	3,435		6 		N/A	N/A	N/A		346,096	605	56,491	5,691,788	9,925 	North America
207	05-02-2022	 Solomon Islands	2,790		25 		132		2,633	5	3,909	35	5,117	7,169	713,720 	Australia/Oceania
208	05-02-2022	Palau	2,495	+143	 		1,044	+98	1,451	17	136,847		25,878	1,419,373	18,232 	 Australia/Oceania
209	05-02-2022	Anguilla	2,384		8 		2,341		35	4	156,667	526	51,382	3,376,618	15,217 	North America
210	05-02-2022	Kiribati	1,387	+350	 				 1,387		11,334				122,371 	Australia/Oceania
211	05-02-2022	Saint Pierre Miquelon	976	+12	1 		872	+19	103	1	169,769	174	17,273	3,004,523	5,749 	North America
212	05-02-2022	 Diamond Princess	712		13 		699		0						 	
213	05-02-2022	Wallis and Futuna	454		7 		438		9		41,556	641	20,508	1,877,162	10,925 	Australia/Oceania
214	05-02-2022	Montserrat	163		1 		161	+2	1	2	32,620	200	7,796	1,560,136	4,997 	North America
215	05-02-2022	Falkland Islands	89		 		N/A	N/A	N/A	 	24,444		8,632	2,370,777	3,641 	South America
216	05-02-2022	Macao	79		 		79		0		119		5,217	7,863	663,449 	Asia
217	05-02-2022	Samoa	33	 	 		3		30		165				200,517 	Australia/Oceania
218	05-02-2022	Vatican City	29		 		28		1		36,070				804 	Europe
219	05-02-2022	Western Sahara	10		1 		8		1		16	2			620,737 	Africa
220	05-02-2022	MS Zaandam	9		2 		7		0						 	
221	05-02-2022	Vanuatu	7		1 		6		0		22	3	23,000	72,195	318,581 	Australia/Oceania
222	05-02-2022	Marshall Islands	7		 		 7		0		117				59,827 	Australia/Oceania
223	05-02-2022	Tonga	7		 		2		5		65				107,605 	Australia/Oceania
224	05-02-2022	Saint Helena	2		 		2		0		328				6,106 	Africa
225	05-02-2022	Micronesia	1		 		1		0		9				116,946 	Australia/Oceania
