Country,Date,TotalCases,NewCases,TotalDeaths,NewDeaths,TotalRecovered,NewRecovered,ActiveCases,"Serious,Critical",Tot Cases/1M pop,Deaths/1M pop,TotalTests,Tests/1M pop,Population,Continent
USA,27-02-2022,"80,614,425","+33,032","974,440  ",+562,"53,221,683","+173,485","26,418,302","8,279","241,201","2,916","949,062,252","2,839,628","334,220,623 ",North America
India,27-02-2022,"42,924,130","+8,013","513,843 ",+87,"42,307,686","+16,765","102,601","8,944","30,606",366,"766,757,518","546,710","1,402,495,010 ",Asia
Brazil,27-02-2022,"28,768,104","+24,054","649,195 ",+206,"26,183,623","+101,112","1,935,286","8,318","133,765","3,019","63,776,166","296,545","215,064,353 ",South America
France,27-02-2022,"22,689,332","+42,600","138,135 ",+76,"20,666,313","+45,900","1,884,884","2,484","346,333","2,109","246,629,975","3,764,597","65,512,990 ",Europe
UK,27-02-2022,"18,859,389","+27,312","161,315 ",+46,"17,350,941","+98,844","1,347,133",289,"275,411","2,356","480,341,745","7,014,619","68,477,240 ",Europe
Russia,27-02-2022,"16,291,116","+116,093","350,927 ",+769,"13,458,910","+137,596","2,481,279","2,300","111,554","2,403","273,400,000","1,872,113","146,038,217 ",Europe
Germany,27-02-2022,"14,728,752","+95,241","123,328 ",+45,"10,842,300","+83,800","3,763,124","2,494","174,867","1,464","104,701,826","1,243,074","84,228,125 ", Europe
Turkey,27-02-2022,"14,025,181","+49,792","94,232 ",+206,"13,289,352","+69,845","641,597","1,128","163,381","1,098","143,400,825","1,670,494","85,843,385 ",Asia
Italy,27-02-2022,"12,764,855","+30,926","154,560 ",+144,"11,487,720","+50,014","1,122,575",733,"211,639","2,563","187,137,866","3,102,706","60,314,412 ",Europe
Spain,27-02-2022,"10,977,524",,"99,410 ",,"9,181,728",,"1,696,386","1,053","234,639","2,125","471,036,328","10,068,148","46,784,805 ",Europe
Argentina,27-02-2022,"8,897,178","+3,610","126,120 ",+72,"8,670,946","+12,878","100,112","1,156","193,909","2,749","34,235,204","746,137","45,883,272 ",South America
Iran,27-02-2022,"7,040,467","+9,524","136,631 ",+241,"6,634,126","+17,493","269,710","4,049","82,081","1,593","46,780,865"," 545,392","85,774,800 ",Asia
Netherlands,27-02-2022,"6,332,772","+27,383","21,548 ",+3,"4,284,149","+83,108","2,027,075",174,"368,233","1,253","21,107,399","1,227,336","17,197,734 ",Europe
Colombia,27-02-2022,"6,062,701","+1,908","138,693  ",+95,"5,888,474","+2,409","35,534",342,"117,082","2,678","33,165,748","640,489","51,781,879 ",South America
Poland,27-02-2022,"5,660,490","+8,899","111,316 ",+40,"5,039,109","+7,572","510,065",872,"149,836","2,947","33,587,230","889,071","37,777,881 ",Europe
Indonesia,27-02-2022,"5,539,394","+34,976","148,073 ",+229,"4,817,423","+39,384","573,898","2,911","19,903",532,"84,371,793","303,149","278,317,985 ",Asia
Mexico,27-02-2022,"5,502,586","+13,459","318,014 ",+331,"4,764,651","+14,314","419,921","4,798","41,947","2,424","15,074,996","114,920","131,178,195 ",North America
Japan,27-02-2022,"4,886,946","+71,254","23,270 ",+259,"4,114,425","+76,751","749,251","1,482","38,836",185,"38,717,172","307,683","125,834,478 ",Asia
Ukraine,27-02-2022,"4,809,624",,"105,505 ",,"4,058,020",,"646,099",177,"111,082","2,437","19,521,252","450,857","43,298,110 ",Europe
South Africa,27-02-2022,"3,673,257","+1,266","99,229 ",+38,"3,541,730","+1,948","32,298",546,"60,667","1,639","23,071,788","381,049","60,548,073 ", Africa
Philippines,27-02-2022,"3,661,046","+1,035","56,401 ",+51,"3,551,650","+1,962","52,995",298,"32,688",504,"28,128,384","251,150","111,998,366 ",Asia
Israel,27-02-2022,"3,618,445","+4,680","10,126 ",+8,"3,530,985","+28,044","77,334",646,"387,995","1,086","41,373,364","4,436,346","9,326,000 ",Asia
Czechia,27-02-2022,"3,574,328","+5,589","38,592 ",+12,"3,435,396","+15,579","100,340",221,"332,746","3,593","52,579,250","4,894,771","10,741,922 ",Europe
Belgium,27-02-2022,"3,544,034",,"30,121 ",,"2,909,318","+61,207","604,595",269,"303,603","2,580","31,623,639","2,709,069","11,673,249 ",Europe
Peru,27-02-2022,"3,516,264","+3,860","210,538 ",+131,N/A,N/A,N/A,"1,001","104,238","6,241","27,340,836","810,505","33,733,067 ",South America
Malaysia,27-02-2022,"3,419,636","+24,466","32,674 ",+40,"3,086,270","+22,710","300,692",353,"103,458",989,"49,439,581","1,495,753","33,053,310 ",Asia
Vietnam,27-02-2022,"3,321,005","+86,990","40,144 ", +94,"2,411,912","+35,866","868,949","3,190","33,617",406,"79,078,763","800,470","98,790,435 ",Asia
Canada,27-02-2022,"3,287,055","+4,795","36,537 ",+15,"3,131,360","+2,081","119,158",736,"85,845",954,"58,032,175","1,515,567","38,290,727 ",North America
Portugal,27-02-2022,"3,258,409","+7,107","21,039 ",+38,"2,784,612",+612,"452,758",102,"321,107","2,073","37,805,639","3,725,643","10,147,412 ",Europe
Australia,27-02-2022,"3,191,964","+18,452","5,159 ",+27,"2,981,011","+18,087","205,794", 137,"122,814",198,"63,442,410","2,441,004","25,990,292 ",Australia/Oceania
Chile,27-02-2022,"3,042,871","+25,292","42,200 ",+130,"2,036,367","+29,310","964,304","1,041","156,944","2,177","32,934,386","1,698,680","19,388,225 ",South America
S. Korea,27-02-2022,"2,994,841","+163,558","7,944 ",+49,"969,524",,"2,017,373",663,"58,331",155,"15,804,065","307,817","51,342,343 ",Asia
Thailand,27-02-2022,"2,869,616","+24,719","22,894 ",+42,"2,637,879","+16,875","208,843",687,"40,942",327,"17,270,775","246,407","70,090,376  ",Asia
Switzerland,27-02-2022,"2,783,154","+10,397","13,218 ",+5,"2,097,844","+41,538","672,092",142,"317,728","1,509","18,563,383","2,119,217","8,759,549 ",Europe
Romania,27-02-2022,"2,728,727","+4,247","63,357 ",+57," 2,471,902","+18,553","193,468",946,"143,429","3,330","21,014,188","1,104,562","19,024,905 ",Europe
Austria,27-02-2022,"2,659,532","+23,274","14,787 ",+25,"2,370,487","+24,865","274,258",197,"292,526","1,626","158,790,421","17,465,627","9,091,596 ",Europe
Denmark,27-02-2022,"2,618,025","+15,588","4,584 ",+46,"2,215,299","+36,247","398,142",45,"449,368",787,"125,281,483","21,503,782","5,826,021 ",Europe
Sweden,27-02-2022,"2,441,142",,"17,107 ",,"2,053,042","+53,894","370,993",73,"239,242","1,677"," 18,107,257","1,774,583","10,203,668 ",Europe
Greece,27-02-2022,"2,405,401","+8,214","25,785 ",+66,"2,190,692","+21,361","188,924",417,"232,661","2,494","65,433,870","6,329,062","10,338,637 ",Europe
Iraq,27-02-2022,"2,301,590",+945," 24,975 ",+15,"2,241,001","+2,544","35,614",144,"55,171",599,"17,960,033","430,515","41,717,574 ",Asia
Bangladesh,27-02-2022,"1,942,680",+864,"29,033 ",+9,"1,806,689","+6,264","106,958","1,275","11,604",173,"13,376,734","79,904","167,409,199 ",Asia
Serbia,27-02-2022,"1,908,272","+2,130","15,199 ",+44,"1,790,931","+12,487","102,142",110,"219,872","1,751","8,740,109","1,007,039","8,679,016 ",Europe
Hungary,27-02-2022,"1,779,174",,"43,752 ",,"1,566,509",,"168,913",148,"184,952","4,548","10,733,913","1,115,829","9,619,678 ",Europe
Jordan,27-02-2022,"1,623,474","+6,296","13,814 ",+16,"1,518,754","+21,122","90,906",786,"156,539","1,332","16,246,059","1,566,483","10,371,040 ",Asia
Georgia,27-02-2022," 1,603,007","+4,835","16,138 ",+41,"1,491,321","+13,840","95,548",,"403,123","4,058","15,866,586","3,990,117","3,976,471 ",Asia
Pakistan,27-02-2022,"1,508,504",+847,"30,173 ",+20,"1,441,528","+1,236","36,803","1,113","6,616",132,"26,393,595","115,762","227,998,418 ", Asia
Slovakia,27-02-2022,"1,442,194","+8,264","18,453 ",+40,"1,222,708","+14,158","201,033",235,"263,943","3,377","6,371,850","1,166,145","5,464,027 ",Europe
Kazakhstan,27-02-2022,"1,302,059",+351,"13,592 ",+13,"1,266,669","+1,421","21,798",528,"67,996",710,"11,575,012","604,472","19,148,974 ",Asia
Ireland,27-02-2022,"1,298,145","+2,338","6,475 ",,"1,163,170","+10,374","128,500",48,"258,121","1,287","11,317,728","2,250,398","5,029,212 ",Europe
Norway,27-02-2022,"1,231,766","+5,900","1,598 ",,"88,952",,"1,141,216",21,"224,303",291,"9,852,076","1,794,054","5,491,516 ",Europe
Morocco,27-02-2022,"1,160,892",+142,"15,978 ",+8,"1,140,157",+464,"4,757",293,"30,845",425,"11,237,010"," 298,573","37,635,711 ",Africa
Bulgaria,27-02-2022,"1,088,520",+724,"35,482 ",+24,"834,344","+2,458","218,694",503,"158,637","5,171","9,165,927","1,335,807","6,861,717 ",Europe
Cuba,27-02-2022,"1,069,387",+630,"8,494 ", ,"1,058,160",+524,"2,733",34,"94,509",751,"12,920,253","1,141,854","11,315,153 ",North America
Lebanon,27-02-2022,"1,066,840","+1,533","10,079 ",+10,"682,977",,"373,784",186,"157,473","1,488","4,795,578","707,859","6,774,765 ",Asia
Croatia,27-02-2022,"1,054,596","+1,028","15,030 ",+18,"1,025,051","+3,105","14,515",106,"259,542","3,699","4,512,457","1,110,543","4,063,290 ",Europe
Tunisia,27-02-2022,"997,754",+666,"27,773 ",+30,"947,817","+1,311","22,164",222,"82,983","2,310","4,341,110","361,049","12,023,611 ",Africa
Nepal,27-02-2022,"976,865",+94,"11,935 ",+1,"956,413",+415,"8,517",100,"32,557",398,"5,416,391","180,516","30,005,122 ",Asia
Belarus,27-02-2022,"917,468"," +4,135","6,470 ",+16,"906,043","+4,975","4,955",,"97,147",685,"12,427,770","1,315,920","9,444,169 ",Europe
Lithuania,27-02-2022,"900,631","+3,436","8,413 ",+24,"806,472","+1,706","85,746",93,"338,671","3,164","7,741,924","2,911,251","2,659,312 ",Europe
Bolivia,27-02-2022,"893,223",+175,"21,426 ",+7,"787,320","+1,208","84,477",220,"74,829","1,795","2,669,468","223,631","11,936,919 ",South America
Slovenia,27-02-2022,"891,950",+901,"6,292 ",+15,"841,948","+4,292","43,710",108,"428,943","3,026","2,569,468","1,235,670","2,079,412 ",Europe
UAE,27-02-2022,"879,368",+622,"2,301 ",,"832,470","+1,665","44,597",,"87,166",228,"137,349,003","13,614,456","10,088,468 ",Asia
Uruguay,27-02-2022,"840,511","+2,170","6,977 ",+16,"809,798","+3,624","23,736",122,"240,580","1,997","5,698,831","1,631,178","3,493,690 ",South America
Ecuador,27-02-2022,"827,760",,"35,223 ",,N/A,N/A,N/A,759,"45,765","1,947","2,470,170","136,571","18,087,031 ",South America
Costa Rica,27-02-2022,"805,664","+1,037","8,031 ",+18,"664,367","+2,426","133,266",129,"155,797","1,553","3,635,922","703,106","5,171,230 ",North America
Azerbaijan,27-02-2022,"785,301","+1,041","9,400 ",+22,"764,283","+2,693","11,618",,"76,312",913,"6,551,104","636,606","10,290,675 ",Asia
Guatemala,27-02-2022,"776,991",+729,"16,971 ",+10,"716,900","+2,754","43,120",5,"42,080",919,"3,922,624","212,440","18,464,663 ",North America
Panama,27-02-2022,"755,262",+357,"8,079 ",+6,"740,813","+1,089","6,370",27,"170,591","1,825","5,513,584","1,245,354","4,427,324 ",North America
Saudi Arabia,27-02-2022,"744,374",+632,"8,996 ",+2,"722,468",+995,"12,910",609,"20,844",252,"40,641,112","1,138,013","35,712,345 ",Asia
Singapore,27-02-2022,"710,880","+14,228","1,007 ",+8,"650,359","+19,041","59,514",46,"119,947",170,"23,141,120","3,904,608","5,926,618 ",Asia
Latvia,27-02-2022,"649,504"," +5,427","5,230 ",+7,"513,598","+7,785","130,676",76,"350,776","2,825","6,703,408","3,620,290","1,851,622 ",Europe
Sri Lanka,27-02-2022,"645,037",+977,"16,190 ",+24,"608,719",+244,"20,128",,"29,915",751,"6,282,076","291,348","21,562,107 ",Asia
Paraguay,27-02-2022,"641,321",+769,"18,359 ",+13,"608,474","+1,203","14,488",151,"88,121","2,523","2,526,622","347,171","7,277,754 ",South America
Finland,27-02-2022,"637,729",,"2,364 ",,"46,000",," 589,365",39,"114,803",426,"9,903,704","1,782,848","5,554,991 ",Europe
Kuwait,27-02-2022,"619,310",+607,"2,537 ",+1,"606,657","+1,788","10,116",62,"141,549",580,"7,626,573","1,743,122","4,375,238 ",Asia
Myanmar,27-02-2022,"586,198","+1,959","19,365 ",+5,"533,395","+1,193","33,438",,"10,655",352,"7,100,472","129,065","55,014,511 ",Asia
Palestine,27-02-2022,"575,372",+590,"5,216 ",+4,"553,022","+2,645","17,134",104,"108,605",985,"3,078,533","581,092","5,297,838 ",Asia
Dominican Republic,27-02-2022,"574,292",+221,"4,368 ",,"568,031",,"1,893",40,"52,075",396,"3,103,088","281,377","11,028,235 ",North America
Venezuela,27-02-2022,"514,795",+480,"5,633 ",+2,"502,418","+1,112","6,744",230,"18,189",199,"3,359,014","118,683","28,302,347 ",South America
Bahrain,27-02-2022,"512,306","+2,916","1,453 ",+3,"485,005","+3,091","25,848",14,"284,698",807,"9,385,851","5,215,900","1,799,469 ",Asia
Moldova,27-02-2022,"501,312",+500,"11,213 ",+12,"475,918","+1,431","14,181",77,"124,754","2,790","3,009,636","748,960","4,018,418 ",Europe
Libya,27-02-2022,"493,548","+1,394","6,250 ",+9,"461,102","+3,466","26,196",128,"70,244", 890,"2,419,533","344,361","7,026,150 ",Africa
Estonia,27-02-2022,"492,149","+4,197","2,225 ",+12,"366,927","+2,794","122,997",27,"370,590","1,675","3,096,210","2,331,459","1,328,014 ",Europe
Egypt,27-02-2022,"482,248","+1,521","24,040 ",+48,"412,161","+1,213","46,047",122,"4,570",228,"3,693,367","34,998","105,532,272 ",Africa
Ethiopia,27-02-2022,"468,674",+49,"7,460 ",+2,"416,704",+61,"44,510",86,"3,916",62,"4,501,473","37,613","119,679,812 ",Africa
Mongolia,27-02-2022,"464,045",+320,"2,168 ",+1,"313,256",,"148,621",192,"137,872",644,"4,030,048","1,197,361","3,365,774 ",Asia
Armenia,27-02-2022,"419,693",+270,"8,449 ",+16,"400,840","+1,136"," 10,404",,"141,195","2,842","2,891,784","972,870","2,972,426 ",Asia
Honduras,27-02-2022,"411,212",,"10,720 ",,"127,663",,"272,829",105,"40,451","1,055","1,263,329","124,274","10,165,654 ",North America
Oman,27-02-2022," 381,381",+563,"4,242 ",+4,"367,204","+4,404","9,935",57,"71,665",797,"25,000,000","4,697,736","5,321,712 ",Asia
Bosnia and Herzegovina,27-02-2022,"371,067",+102,"15,435 ",+14,"192,218",,"163,414",,"114,281","4,754","1,694,736","521,942","3,246,982 ", Europe
Qatar,27-02-2022,"356,671",+308,668 ,+1,"352,553",+807,"3,450",23,"127,028",238,"3,372,268","1,201,034","2,807,805 ",Asia
Kenya,27-02-2022,"322,930",+24,"5,639 ",,"303,248",+40,"14,043",4,"5,794",101,"3,368,063","60,432","55,733,280 ",Africa
Cyprus,27-02-2022,"320,160","+1,387",854 ,+2,"124,370",,"194,936",60,"262,012",699,"9,477,138","7,755,876","1,221,930 ",Asia
 Zambia,27-02-2022,"312,707",+96,"3,952 ",+1,"306,846",+274,"1,909",3,"16,256",205,"3,268,486","169,911","19,236,469 ",Africa
North Macedonia,27-02-2022,"297,081",+378,"9,001 ",+7,"283,908",+497,"4,172",,"142,606","4,321","1,889,266","906,892","2,083,232 ",Europe
Réunion,27-02-2022,"292,126",,640 ,,"274,185",,"17,301",40,"322,469",706,"1,424,291","1,572,230","905,905 ",Africa
Albania,27-02-2022,"271,527",+102,"3,464 ",+2,"265,275",+208,"2,788",13,"94,524","1,206","1,742,017","606,428","2,872,587 ",Europe
Algeria,27-02-2022,"264,855",+77,"6,831 ",+3,"177,437",+71,"80,587",14,"5,864",151,"230,861","5,112","45,163,044 ",Africa
Botswana,27-02-2022,"263,950",,"2,619 ",,"259,434",,"1,897",1,"108,608","1,078","2,026,898","834,015","2,430,289 ",Africa
Nigeria,27-02-2022,"254,525",+24,"3,142 ",,"249,013",+20,"2,370",11,"1,186",15,"4,317,621","20,119"," 214,601,293 ",Africa
Uzbekistan,27-02-2022,"236,299",+125,"1,633 ",+3,"232,597",+548,"2,069",23,"6,895",48,"1,377,915","40,204","34,273,078 ",Asia
Zimbabwe,27-02-2022,"235,975",+172,"5,394 ",+1,"226,069",+196,"4,512",12,"15,503",354,"2,078,325","136,539","15,221,494 ",Africa
Montenegro,27-02-2022,"230,120",+109,"2,676 ",+2,"225,847",+210,"1,597",60,"366,318","4,260","1,168,531","1,860,132","628,198 ",Europe
Mozambique,27-02-2022,"225,038",+2,"2,192 ",,"219,321",+1,"3,525",13,"6,881",67,"1,268,201","38,777","32,705,391 ",Africa
Kyrgyzstan,27-02-2022,"200,478",+20,"2,956 ",+2,"195,056",+138,"2,466",131,"29,911",441,"1,907,195","284,547","6,702,560 ",Asia
Luxembourg,27-02-2022,"181,903",,988 ,,"171,378",,"9,537",8,"282,962","1,537","4,064,929","6,323,254","642,854 ",Europe
Afghanistan,27-02-2022,"173,565",+385," 7,596 ",+8,"155,919",+761,"10,050","1,124","4,298",188,"889,889","22,038","40,380,544 ",Asia
Hong Kong,27-02-2022,"171,314","+26,026",659 ,+82,"13,232",,"157,423",16,"22,548",87,"36,260,319","4,772,469","7,597,812 ",Asia
Maldives,27-02-2022,"169,632",+484,297 ,+1,"154,246",+618,"15,089",25,"304,919",534,"2,183,549","3,924,994","556,319 ",Asia
Uganda,27-02-2022,"163,250",+34,"3,588 ",+3,"99,990",+11,"59,672",56,"3,392",75,"2,457,240","51,052","48,132,380 ",Africa
Ghana,27-02-2022,"159,124",,"1,442 ",,"157,133",,549,1,"4,950",45,"2,305,405","71,713","32,147,436 ",Africa
Namibia,27-02-2022,"157,210", +17,"4,007 ",,"152,694",+14,509,2,"60,069","1,531","953,850","364,462","2,617,148 ",Africa
El Salvador,27-02-2022,"155,968",+441,"4,068 ",+3,"131,656","+7,786","20,244",153,"23,847",622,"1,693,464","258,921","6,540,466 ",North America
Laos,27-02-2022,"142,609",+135,621 ,,"7,660",,"134,328",,"19,141",83,"1,000,342","134,265","7,450,526 ",Asia
Cambodia,27-02-2022,"129,920",+372,"3,032 ",,"123,353",+476,"3,535",,"7,597",177,"2,859,086","167,174","17,102,442 ",Asia
Rwanda,27-02-2022,"129,489",+4,"1,457 ",,"45,522",,"82,510",1,"9,603",108,"4,832,169","358,364","13,483,964 ",Africa
Iceland,27-02-2022," 128,745","+5,372",61 ,,"75,685",,"52,999",2,"373,266",177,"1,742,976","5,053,349","344,915 ",Europe
Jamaica,27-02-2022,"127,961",+45,"2,813 ",+2,"76,703",+281,"48,445",25,"42,903",943,"848,470","284,474","2,982,596 ",North America
Trinidad and Tobago,27-02-2022,"127,404",+470,"3,622 ",+5,"102,045","+1,969","21,737",18,"90,550","2,574","627,706","446,130","1,407,002 ",North America
Guadeloupe,27-02-2022,"126,642",,837 ,,"2,250",,"123,555",19,"316,418","2,091","938,039","2,343,709","400,237 ",North America
Cameroon,27-02-2022,"119,240",,"1,923 ",,"117,089",,228,13,"4,314",70,"1,751,774","63,378","27,640,233 ",Africa
Martinique,27-02-2022,"112,901",,876 ,,104,,"111,921",16,"301,244","2,337","678,821","1,811,237","374,783 ",North America
China,27-02-2022,"109,092",+239,"4,636 ",,"101,868",+82,"2,588",19,76,3,"160,000,000","111,163","1,439,323,776 ",Asia
Angola,27-02-2022,"98,701",,"1,899 ",,"96,622",,180,,"2,856",55,"1,424,011","41,205","34,558,792 ",Africa
New Zealand,27-02-2022,"86,138","+15,016",56 ,,"18,114",+167,"67,968",,"17,220",11,"6,688,455","1,337,129","5,002,100 ",Australia/Oceania
DRC,27-02-2022,"85,999",,"1,335 ",,"50,930",,"33,734",,914,14,"846,704","9,001","94,069,263 ",Africa
Senegal,27-02-2022,"85,676",+10,"1,960 ",,"83,622",+12,94,2,"4,903",112,"1,013,487","57,998","17,474,620 ",Africa
Malawi,27-02-2022," 85,328",+14,"2,615 ",+2,"75,578",+64,"7,135",67,"4,277",131,"546,116","27,376","19,948,581 ",Africa
Ivory Coast,27-02-2022,"81,467",,792 ,,"79,816",,859,,"2,967",29,"1,414,287","51,503","27,460,090 ",Africa
Suriname,27-02-2022,"78,092",+22,"1,316 ",+1,"49,354",+1,"27,422",3,"131,171","2,210","228,157","383,235","595,345 ",South America
French Guiana,27-02-2022,"77,652",,391 ,,"11,254",," 66,007",6,"249,282","1,255","591,966","1,900,354","311,503 ",South America
Malta,27-02-2022,"71,235",+56,604 ,+2,"69,505",+65,"1,126",3,"160,623","1,362","1,211,456","2,731,624","443,493 ",Europe
Eswatini,27-02-2022,"69,130",+5,"1,390 ",,"67,643",+25,97,11,"58,581","1,178","477,146","404,335","1,180,076 ",Africa
French Polynesia,27-02-2022,"65,583",,638 ,,N/A,N/A,N/A,7,"231,252","2,250",,,"283,600 ",Australia/Oceania
Fiji,27-02-2022,"63,928",+4,833 ,,"61,890",,"1,205",,"70,466",918,"496,968","547,796","907,214 ",Australia/Oceania
Madagascar,27-02-2022,"63,659",,"1,366 ",,"58,677",," 3,616",61,"2,205",47,"398,434","13,801","28,869,939 ",Africa
Guyana,27-02-2022,"62,891",,"1,220 ",,"60,929",,742,10,"79,323","1,539","538,535","679,244","792,845 ",South America
Sudan,27-02-2022,"61,376",,"3,901 ",,"40,329",,"17,146",,"1,348",86,"562,941","12,360","45,545,025 ",Africa
Brunei ,27-02-2022,"59,447","+3,962",121 ,+4,"31,022","+3,495","28,304",,"133,762",272,"712,994","1,604,314","444,423 ",Asia
Mauritania,27-02-2022,"58,632",+3,979 ,,"57,602",+5,51,30,"12,084",202,"743,798","153,296","4,852,051 ",Africa
Belize,27-02-2022,"56,597",,650 ,,"54,453",,"1,494", 6,"138,180","1,587","499,451","1,219,399","409,588 ",North America
Cabo Verde,27-02-2022,"55,882",+1,401 ,,"55,409",+2,72,23,"98,732",708,"400,982","708,453","565,997 ",Africa
Barbados,27-02-2022,"55,031",+129,315 ,+2,"52,253",,"2,463",,"191,108","1,094","584,756","2,030,699","287,958 ",North America
Syria,27-02-2022,"54,480",+100,"3,071 ",+3,"46,933",+205,"4,476",,"2,993",169,"146,269","8,035","18,204,773 ",Asia
New Caledonia,27-02-2022,"53,007",,299 ,,"42,318",,"10,390",35,"182,753","1,031","98,964","341,199","290,048 ",Australia/Oceania
Channel Islands,27-02-2022,"50,384",,143 ,,"47,633",,"2,608",,"285,429",810,"1,207,943","6,843,094","176,520 ",Europe
Gabon,27-02-2022,"47,534",+14,303 ,,"46,155",+412,"1,076",1,"20,553",131,"1,569,625","678,692","2,312,720 ",Africa
Papua New Guinea,27-02-2022,"41,038",,638 ,,"38,856",,"1,544",7,"4,447",69,"249,149","27,000","9,227,822 ",Australia/Oceania
Seychelles,27-02-2022,"39,336",,163 ,,"38,731",,442,,"395,910","1,641",,,"99,356 ",Africa
Curaçao,27-02-2022,"38,933",+18,261 ,,"38,352",+46,320,3,"235,663","1,580","492,011","2,978,167","165,206 ",North America
Burundi,27-02-2022,"38,063",,38 ,,773,,"37,252",,"3,051",3,"345,742","27,710","12,477,114 ",Africa
Andorra,27-02-2022,"37,999",,151 ,,"37,135",,713,14,"490,500","1,949","249,838","3,224,965","77,470 ",Europe
Togo,27-02-2022,"36,798",,272 ,,"36,410",,116,,"4,279",32,"689,248","80,144","8,600,099 ",Africa
Mayotte,27-02-2022,"36,662",,187 ,,"2,964",,"33,511",,"129,220",659,"176,919","623,576","283,717 ",Africa
Guinea,27-02-2022,"36,393",,440 ,,"32,939",,"3,014",49,"2,652",32,"587,607","42,820","13,722,669 ",Africa
Faeroe Islands,27-02-2022,"34,237","+2,193",28 ,+4,"7,693",,"26,516",5,"696,284",569,"778,000","15,822,334","49,171 ",Europe
Aruba,27-02-2022,"33,676",,211 ,,"33,406",,59,6,"313,213","1,962","177,885","1,654,467","107,518 ",North America
Tanzania,27-02-2022,"33,620",,798 , ,N/A,N/A,N/A,7,537,13,,,"62,551,409 ",Africa
Bahamas,27-02-2022,"33,129",+21,771 ,,"26,221",+24,"6,137",9,"82,932","1,930","220,066","550,891","399,473 ",North America
Lesotho,27-02-2022,"32,612",,696 ,,"23,343",,"8,573",,"15,026",321,"398,053","183,401","2,170,402 ",Africa
Mauritius,27-02-2022,"30,858",,786 ,,"27,008",,"3,064",,"24,197",616,"358,675","281,255","1,275,267 ",Africa
Mali,27-02-2022,"30,378",+7,722 ,,"29,470",+19,186,,"1,432",34,"620,934","29,266","21,216,600 ",Africa
Haiti,27-02-2022,"30,342",+2,820 ,," 25,210",+2,"4,312",,"2,608",70,"132,422","11,383","11,632,922 ",North America
Benin,27-02-2022,"26,567",,163 ,,"25,506",,898,5,"2,100",13,"604,310","47,775","12,649,051 ",Africa
Somalia,27-02-2022,"26,313",,"1,348 ",,"13,182",,"11,783",,"1,583",81,"400,466","24,085","16,627,432 ",Africa
Congo,27-02-2022,"23,967",,378 ,,"20,178",,"3,411",,"4,173",66,"347,815","60,563","5,743,034  ",Africa
Isle of Man,27-02-2022,"22,776",+69,79 ,,"22,315",+52,382,,"265,520",921,"150,753","1,757,458","85,779 ",Europe
Timor-Leste,27-02-2022,"22,668",+19,128 ,,"22,008", +66,532,9,"16,667",94,"248,770","182,912","1,360,050 ",Asia
Saint Lucia,27-02-2022,"22,667",+18,358 ,,"22,092",+112,217,4,"122,512","1,935","135,214","730,815","185,018 ",North America
Burkina Faso,27-02-2022,"20,751",,375 ,,"20,309",,67,,950,17,"248,995","11,394","21,852,404 ",Africa
Taiwan,27-02-2022,"20,433",+60,853 ,,"18,338",+48,"1,242",,855,36,"11,566,532","484,193","23,888,249 ",Asia
Cayman Islands,27-02-2022,"19,373",,17 ,,"8,553",,"10,803",2,"289,145",254,"222,773","3,324,921","67,001 ",North America
Nicaragua,27-02-2022,"18,004",,220 ,,"4,225",,"13,559",,"2,665",33,,,"6,755,191 ",North America
Tajikistan,27-02-2022,"17,388",,124 ,,"17,263",,1,,"1,758",13,,,"9,892,489 ",Asia
South Sudan,27-02-2022,"16,955",,137 ,,"13,250",,"3,568",1,"1,486",12,"338,083","29,627","11,411,252 ",Africa
Equatorial Guinea,27-02-2022,"15,877",,182 ,,"15,653",,42,5,"10,733",123,"273,437","184,844","1,479,284 ",Africa
Djibouti,27-02-2022,"15,547",,189 ,,"15,352",,6,,"15,366",187,"284,842","281,517","1,011,811 ",Africa
Gibraltar,27-02-2022,"15,313",,101 ,,"14,599",,613,10," 454,743","2,999","513,118","15,237,810","33,674 ",Europe
San Marino,27-02-2022,"14,207",,112 ,,"13,703",,392,4,"417,252","3,289","134,668","3,955,123","34,049 ",Europe
CAR,27-02-2022,"14,187",,113 ,,"6,859",,"7,215",2,"2,855",23,"81,294","16,361","4,968,909 ",Africa
Grenada,27-02-2022,"13,679",+18,216 ,+2,"13,258",+40,205,4,"120,640","1,905","136,411","1,203,057","113,387 ",North America
Bhutan,27-02-2022,"12,194",+374,6 ,,"7,910",+250,"4,278",,"15,520",8,"1,975,337","2,514,140","785,691 ",Asia
Gambia,27-02-2022,"11,924",,365 ,,"11,461",,98,4,"4,715",144,"135,608","53,619","2,529,087 ",Africa
Liechtenstein,27-02-2022,"11,908",+156,78 ,,"11,187",,643,7,"310,841","2,036","80,413","2,099,063","38,309 ",Europe
Yemen,27-02-2022,"11,769",+9," 2,134 ",+1,"8,689",+1,946,23,381,69,"265,253","8,580","30,914,094 ",Asia
Greenland,27-02-2022,"11,715",,16 ,,"2,761",,"8,938",9,"205,768",281,"164,926","2,896,844","56,933 ",North America
Bermuda,27-02-2022,"11,490",,123 ,,"11,150",,217,,"185,634","1,987","795,082","12,845,450","61,896 ",North America
Dominica,27-02-2022,"11,016",,57 ,,"10,563",,396,,"152,403",789," 165,338","2,287,402","72,282 ",North America
Saint Martin,27-02-2022,"9,877",,63 ,,"1,399",,"8,415",7,"248,422","1,585","78,366","1,971,025","39,759 ",North America
Eritrea,27-02-2022,"9,700",,103 , ,"9,593",,4,,"2,674",28,"23,693","6,531","3,627,768 ",Africa
Sint Maarten,27-02-2022,"9,548",,85 ,,"9,420",,43,10,"218,575","1,946","62,056","1,420,598","43,683 ",North America
Monaco,27-02-2022,"9,377",+2,51 ,,"9,140",+20,186,4,"236,179","1,285","54,960","1,384,278","39,703 ",Europe
Niger,27-02-2022,"8,751",+5,307 ,+1,"8,432",+13,12,1,341,12,"228,471","8,905","25,656,817 ",Africa
Comoros,27-02-2022,"8,033",+1,160 ,,"7,855",+2,18,,"8,923",178,,,"900,287 ",Africa
Guinea-Bissau,27-02-2022,"8,001",+16,167 , +1,"6,978",+1,856,6,"3,912",82,"123,632","60,455","2,045,041 ",Africa
Sierra Leone,27-02-2022,"7,665",,125 ,,N/A,N/A,N/A,,930,15,"259,958","31,526","8,245,724 ",Africa
Caribbean Netherlands,27-02-2022,"7,564",,31 ,,"7,444",,89,,"284,073","1,164","30,126","1,131,408","26,627 ",North America
Antigua and Barbuda,27-02-2022,"7,437",,135 ,,"7,253",,49,1,"74,915","1,360","18,901","190,394","99,273 ",North America
Liberia,27-02-2022,"7,360",,290 ,,"5,747",,"1,323",2,"1,401",55,"139,824","26,610","5,254,574 ",Africa
Chad,27-02-2022,"7,246",,190 ,," 4,874",,"2,182",,421,11,"191,341","11,120","17,206,283 ",Africa
Solomon Islands,27-02-2022,"6,937",+124,96 ,+3,"1,732",,"5,109",4,"9,705",134,"5,117","7,159","714,782 ",Australia/Oceania
St. Vincent Grenadines,27-02-2022,"6,739",,106 ,,"6,591",,42,,"60,426",950,"98,160","880,169","111,524 ",North America
British Virgin Islands,27-02-2022,"6,074",,62 ,,N/A,N/A,N/A,6,"198,724","2,028","99,936","3,269,622"," 30,565 ",North America
Sao Tome and Principe,27-02-2022,"5,934",+1,72 ,,"5,852",+1,10,,"26,268",319,"29,036","128,534","225,902 ",Africa
Turks and Caicos,27-02-2022,"5,867",+7,36 ,,"5,787",,44,4,"148,213",909,"419,792","10,604,825","39,585 ",North America
Saint Kitts and Nevis,27-02-2022,"5,530",,42 ,,"5,480",+7,8,1,"102,744",780,"65,141","1,210,282","53,823 ",North America
St. Barth,27-02-2022,"3,758",,6 ,,N/A,N/A,N/A,,"378,564",604,"56,491","5,690,642","9,927 ",North America
Palau,27-02-2022,"3,726",,6 ,,"2,942",,778,10,"204,310",329,"36,384","1,995,065","18,237 ",Australia/Oceania
Kiribati,27-02-2022,"2,914",+10,11 ,,"2,051",+89,852,4,"23,790",90,,,"122,486 ",Australia/Oceania
Anguilla,27-02-2022,"2,528",,9 ,,"2,506",,13,4,"166,043",591,"51,382","3,374,844","15,225 ",North America
Saint Pierre Miquelon,27-02-2022,"1,070",,1 ,,"1,049",,20,1,"186,184",174,"17,358","3,020,358","5,747 ",North America
Diamond Princess,27-02-2022,712,,13 ,,699,,0,,,,,, ,
Wallis and Futuna,27-02-2022,454,,7 ,,438,,9,,"41,602",641,"20,508","1,879,227","10,913  ",Australia/Oceania
Tonga,27-02-2022,355,, ,,177,,178,,"3,297",,,,"107,681 ",Australia/Oceania
Montserrat,27-02-2022,164,+1,2 ,,161,, 1,,"32,820",400,"8,359","1,672,804","4,997 ",North America
Falkland Islands,27-02-2022,109,, ,,N/A,N/A,N/A,,"29,879",,"8,632","2,366,228","3,648 ",South America
Macao,27-02-2022,81,+1, ,,79,,2,,122,,"5,318","8,009","664,005 ",Asia
Samoa,27-02-2022,33,, ,,3,,30,,165,,,,"200,600 ",Australia/Oceania
Vatican City,27-02-2022,29,, ,,28,,1,,"36,070",,,,804 ,Europe
Cook Islands,27-02-2022,25,+15, ,,4,+1,21,," 1,421",,"1,309","74,413","17,591 ",Australia/Oceania
Vanuatu,27-02-2022,18,,1 ,,6,,11,,56,3,"23,000","72,093","319,033 ",Australia/Oceania
Western Sahara,27-02-2022,10,,1 ,,8,,1,,16,2,,,"621,662 ",Africa
MS Zaandam,27-02-2022,9,,2 ,,7,,0,,,,,, ,
Marshall Islands,27-02-2022,7,, ,,7,,0,,117,,,,"59,852 ",Australia/Oceania
Saint Helena,27-02-2022,2,, ,,2,,0,,327,,,," 6,107 ",Africa
Micronesia,27-02-2022,1,, ,,1,,0,,9,,,,"117,022 ",Australia/Oceania
USA,28-02-2022,"80,647,343","+32,918","975,150 ",+710,"53,500,262","+278,579","26,171,931","7,770","241,300","2,918","950,519,402","2,843,988","334,220,623 ",North America
India,28-02-2022,"42,931,045","+6,915","514,054 ",+211,"42,324,550","+16,864","92,441","8,944","30,610",367,"767,481,346","547,226","1,402,495,010 ",Asia
Brazil,28-02-2022,"28,787,620","+19,516","649,443 ",+248,"26,336,373"," +152,750","1,801,804","8,318","133,856","3,020","63,776,166","296,545","215,064,353 ",South America
France,28-02-2022,"22,702,815","+13,483","138,367 ",+232,"20,901,504","+235,191","1,662,944","2,484","346,539","2,112","246,629,975","3,764,597","65,512,990 ",Europe
UK,28-02-2022,"18,886,701","+27,312","161,361 ",+46,"17,449,650","+98,709","1,275,690",289,"275,810","2,356","480,341,745","7,014,619","68,477,240 ",Europe
Russia,28-02-2022,"16,398,036","+106,920","351,660 ",+733,"13,575,652","+116,742","2,470,724","2,300","112,286","2,408","273,400,000","1,872,113","146,038,217 ",Europe
Germany,28-02-2022,"14,824,148","+95,396","123,446 ",+118,"11,010,700","+168,400","3,690,002","2,494","176,000","1,466","104,701,826","1,243,074","84,228,125 ",Europe
Turkey,28-02-2022,"14,089,456","+64,275","94,445 ",+213,"13,366,184","+76,832","628,827","1,128","164,130","1,100","143,811,260","1,675,275","85,843,385 ",Asia
Italy,28-02-2022,"12,782,836","+17,981","154,767 ",+207,"11,528,135","+40,415","1,099,934",714,"211,937","2,566","187,336,379","3,105,997","60,314,412 ",Europe
Spain,28-02-2022,"10,977,524",,"99,410 ",,"9,181,728",,"1,696,386","1,053","234,639","2,125","471,036,328","10,068,148","46,784,805 ",Europe
Argentina,28-02-2022,"8,900,656","+3,478","126,152 ",+32,"8,682,190","+11,244","92,314","1,136","193,985","2,749","34,257,979","746,633","45,883,272 ",South America
Iran,28-02-2022,"7,051,429","+10,962","136,838 ",+207,"6,652,188","+18,062","262,403","3,952","82,209","1,595","47,252,235","550,887","85,774,800 ",Asia
Netherlands,28-02-2022,"6,361,626","+28,854","21,554 ",+6,"4,332,685","+48,536","2,007,387",173,"369,911","1,253","21,107,399","1,227,336","17,197,734 ",Europe
Colombia,28-02-2022,"6,064,583","+1,882","138,767 ",+74,"5,890,563","+2,089","35,253",342,"117,118","2,680","33,194,144","641,038","51,781,879 ",South America
Poland,28-02-2022,"5,667,054","+6,564","111,317 ",+1,"5,057,169","+18,060","498,568",841,"150,010","2,947","33,629,931","890,202","37,777,881 ",Europe
Indonesia,28-02-2022,"5,564,448","+25,054","148,335 ",+262,"4,861,415","+43,992","554,698","2,911","19,993",533,"84,648,008","304,141","278,317,985 ",Asia
Mexico,28-02-2022,"5,506,105","+3,519","318,086 ",+72,"4,773,131","+8,480","414,888","4,798","41,974","2,425","15,084,437","114,992","131,178,195 ",North America
Japan,28-02-2022,"4,950,649","+63,703","23,446 ",+176,"4,190,125","+75,700","737,078","1,461","39,343",186,"38,792,473","308,282","125,834,478 ",Asia
Ukraine,28-02-2022,"4,809,624",,"105,505 ",,"4,058,020",,"646,099",177,"111,082","2,437","19,521,252","450,857","43,298,110 ",Europe
South Africa,28-02-2022,"3,674,042",+785,"99,412 ",+183,"3,543,109","+1,379","31,521",546,"60,680","1,642","23,085,457","381,275","60,548,073 ",Africa
Philippines,28-02-2022,"3,661,997",+951," 56,451 ",+50,"3,553,367","+1,717","52,179",298,"32,697",504,"28,203,435","251,820","111,998,366 ",Asia
Israel,28-02-2022,"3,634,510","+16,065","10,198 ",+72,"3,547,010","+16,025","77,302",534,"389,718","1,094","41,373,364","4,436,346","9,326,000 ",Asia
Czechia,28-02-2022,"3,574,328",,"38,592 ",,"3,435,396",,"100,340",221,"332,746","3,593","52,579,250","4,894,771","10,741,922 ",Europe
Belgium,28-02-2022,"3,544,034",,"30,121 ",,"2,977,603","+68,285","536,310",269,"303,603","2,580","31,623,639","2,709,069","11,673,249 ",Europe
Peru,28-02-2022,"3,517,260",+996,"210,672 ",+134,N/A,N/A,N/A,975,"104,267","6,245","27,364,060","811,194","33,733,067 ",South America
Malaysia,28-02-2022,"3,442,736","+23,100","32,749 ",+75,"3,116,564","+30,294","293,423",361,"104,157",991,"49,602,479","1,500,681","33,053,310 ",Asia
Vietnam,28-02-2022,"3,321,005",,"40,144 ",,"2,411,912",,"868,949","3,190","33,617",406,"79,078,763","800,470","98,790,435 ",Asia
Canada,28-02-2022,"3,292,980","+5,925","36,602 ",+65,"3,145,873","+14,513","110,505",666,"85,999",956,"58,130,321","1,518,131","38,290,727 ",North America
Portugal,28-02-2022,"3,262,618","+4,209","21,063 ",+24,"2,785,374",+762," 456,181",102,"321,522","2,076","37,805,639","3,725,643","10,147,412 ",Europe
Australia,28-02-2022,"3,211,078","+19,114","5,171 ",+12,"2,981,011",,"224,896",136,"123,549",199,"63,499,306","2,443,193","25,990,292 ",Australia/Oceania
S. Korea,28-02-2022,"3,134,456","+139,615","8,058 ",+114,"969,524",,"2,156,874",715,"61,050",157,"15,804,065","307,817","51,342,343 ",Asia
Chile,28-02-2022,"3,061,019","+18,148","42,353 ",+153,"2,067,063","+30,696","951,603","1,079","157,880","2,184","33,012,243","1,702,695","19,388,225 ",South America
Thailand,28-02-2022,"2,891,927","+22,311","22,936 ",+42,"2,655,349","+17,470","213,642",687,"41,260",327,"17,270,775","246,407","70,090,376 ",Asia
Switzerland,28-02-2022,"2,789,871","+6,717","13,226 ",+8,"2,171,436","+73,592","605,209",137,"318,495","1,510","18,662,771","2,130,563","8,759,549 ",Europe
Romania,28-02-2022,"2,733,484","+4,757","63,414 ",+57,"2,489,778","+17,876","180,292",923,"143,679","3,333","21,040,842","1,105,963","19,024,905 ",Europe
Austria,28-02-2022,"2,679,742","+20,210","14,809 ",+22,"2,395,470","+24,983","269,463",189,"294,749","1,629","158,973,339","17,485,746","9,091,596 ",Europe
Denmark,28-02-2022,"2,633,759","+15,734","4,612 ",+28,"2,243,266","+27,967","385,881",42,"452,068",792,"125,361,779","21,517,564","5,826,021 ",Europe
Sweden,28-02-2022,"2,441,142",,"17,107 ",,"2,092,483","+39,441","331,552",73,"239,242","1,677","18,107,257","1,774,583","10,203,668 ",Europe
Greece,28-02-2022,"2,421,664","+16,263","25,860 ",+75,"2,190,692",,"205,112",413,"234,234","2,501","65,534,935","6,338,837","10,338,637 ",Europe
Iraq,28-02-2022,"2,302,793","+1,203","24,989 ",+14,"2,243,644","+2,643","34,160",148,"55,200",599,"17,973,630","430,841","41,717,574 ",Asia
Bangladesh,28-02-2022,"1,943,577",+897,"29,037 ",+4,"1,814,665","+7,976","99,875","1,275","11,610",173,"13,401,339","80,051","167,409,199 ",Asia
Serbia,28-02-2022,"1,910,975","+2,703","15,241 ",+42,"1,802,008","+11,077"," 93,726",104,"220,183","1,756","8,754,776","1,008,729","8,679,016 ",Europe
Hungary,28-02-2022,"1,787,544","+8,370","43,949 ",+197,"1,588,843","+22,334","154,752",132,"185,822","4,569","10,784,987","1,121,138","9,619,678 ",Europe
 Jordan,28-02-2022,"1,631,708","+8,234","13,835 ",+21,"1,535,778","+17,024","82,095",713,"157,333","1,334","16,285,726","1,570,308","10,371,040 ",Asia
Georgia,28-02-2022,"1,605,472","+2,465","16,163 ",+25,"1,504,161","+12,840","85,148",,"403,743","4,065","15,880,724","3,993,673"," 3,976,471 ",Asia
Pakistan,28-02-2022,"1,509,360",+856,"30,178 ",+5,"1,443,284","+1,756","35,898","1,052","6,620",132,"26,426,952","115,908","227,998,418 ",Asia
Slovakia,28-02-2022,"1,446,922","+4,728","18,485 ",+32,"1,231,220","+8,512","197,217",234,"264,809","3,383","6,380,675","1,167,761","5,464,027 ",Europe
Kazakhstan,28-02-2022,"1,302,322",+263,"13,596 ",+4,"1,267,502",+833,"21,224",528,"68,010",710,"11,575,012","604,472","19,148,974 ",Asia
Ireland,28-02-2022,"1,300,422","+2,277","6,497 ",+22,"1,168,261","+5,091","125,664",47,"258,574","1,292","11,377,091","2,262,202","5,029,212 ",Europe
Norway,28-02-2022,"1,242,160","+10,394","1,598 ",,"88,952",,"1,151,610",18,"226,196", 291,"9,852,076","1,794,054","5,491,516 ",Europe
Morocco,28-02-2022,"1,160,975",+83,"15,988 ",+10,"1,140,720",+563,"4,267",293,"30,848",425,"11,237,010","298,573","37,635,711 ",Africa
Bulgaria,28-02-2022,"1,091,279","+2,759","35,581 ",+99,"840,177","+5,833","215,521",473,"159,039","5,185","9,188,343","1,339,073","6,861,717 ",Europe
Cuba,28-02-2022,"1,069,862",+475,"8,494 ",,"1,058,640",+480,"2,728",34,"94,551",751,"12,920,253","1,141,854","11,315,153 ",North America
Lebanon,28-02-2022,"1,068,710","+1,870","10,091 ",+12,"682,977",,"375,642",186,"157,749","1,489","4,795,578","707,859","6,774,765 ",Asia
Croatia,28-02-2022,"1,054,794",+198,"15,069 ",+39,"1,027,821","+2,770","11,904",98,"259,591","3,709","4,512,457","1,110,543","4,063,290 ",Europe
Tunisia,28-02-2022,"998,230",+476,"27,784 ",+11,"950,873","+3,056","19,573",222,"83,022","2,311","4,343,907","361,281","12,023,611 ",Africa
Nepal,28-02-2022,"976,984",+119,"11,936 ",+1,"956,813",+400,"8,235",100,"32,561",398,"5,421,609","180,689","30,005,122 ",Asia
Belarus,28-02-2022,"919,736","+2,268","6,480 ",+10,"908,132","+2,089","5,124",,"97,387",686,"12,438,809","1,317,089","9,444,169 ",Europe
Lithuania,28-02-2022,"902,554","+1,923","8,421 ",+8,"808,647","+2,175","85,486",95,"339,394","3,167","7,746,771","2,913,073","2,659,312 ",Europe
Bolivia,28-02-2022,"893,330",+107,"21,432 ",+6," 788,463","+1,143","83,435",220,"74,838","1,795","2,669,468","223,631","11,936,919 ",South America
Slovenia,28-02-2022,"892,606",+656,"6,306 ",+14,"845,577","+3,629","40,723",104,"429,259","3,033","2,570,219","1,236,032","2,079,412 ",Europe
UAE,28-02-2022,"879,973",+605,"2,301 ",,"834,041","+1,571","43,631",,"87,226",228,"137,766,535","13,655,843","10,088,468 ",Asia
Uruguay,28-02-2022,"842,462","+1,951","6,985 ",+8,"812,907","+3,109","22,570",119,"241,138","1,999","5,705,619","1,633,121","3,493,690 ",South America
Ecuador,28-02-2022,"827,760",,"35,223 ",,N/A,N/A,N/A,759,"45,765","1,947","2,470,170","136,571","18,087,031 ",South America
Costa Rica,28-02-2022,"806,928","+1,264","8,037 ",+6,"667,558","+3,191","131,333",121,"156,042","1,554","3,712,867","717,985","5,171,230 ",North America
Azerbaijan,28-02-2022,"785,670",+369,"9,417 ",+17,"765,373","+1,090","10,880",,"76,348",915,"6,554,964","636,981","10,290,675 ",Asia
Guatemala,28-02-2022,"776,991",,"16,971 ",,"716,900",,"43,120",5,"42,080",919,"3,922,624","212,440","18,464,663 ",North America
Panama,28-02-2022,"755,498",+236,"8,083 ",+4,"741,856","+1,043","5,559",26,"170,644","1,826","5,517,801","1,246,306","4,427,324 ",North America
Saudi Arabia,28-02-2022,"745,027",+653,"8,998 ",+2,"723,549","+1,081","12,480",601,"20,862",252,"40,704,052","1,139,775","35,712,345 ",Asia
Singapore,28-02-2022,"724,424","+13,544","1,019 ",+12,"669,243","+18,884","54,162",32,"122,232",172,"23,141,120","3,904,608","5,926,618 ",Asia
Latvia,28-02-2022,"653,120","+3,616","5,239 ",+9,"513,598",,"134,283",76,"352,729","2,829","6,711,057","3,624,421","1,851,622 ",Europe
Sri Lanka,28-02-2022,"646,034",+997,"16,222 ",+32,"608,924",+205,"20,888",,"29,962",752,"6,282,076","291,348","21,562,107 ",Asia
Paraguay,28-02-2022,"641,767",+446,"18,367 ",+8,"609,477"," +1,003","13,923",144,"88,182","2,524","2,529,065","347,506","7,277,754 ",South America
Finland,28-02-2022,"637,757",+28,"2,366 ",+2,"46,000",,"589,391",35,"114,808",426,"9,927,154","1,787,069","5,554,991 ",Europe
Kuwait,28-02-2022,"619,894",+584,"2,538 ",+1,"608,143","+1,486","9,213",56,"141,682",580,"7,645,362","1,747,416","4,375,238 ",Asia
Myanmar,28-02-2022,"587,891","+1,693","19,368 ",+3,"534,774","+1,379","33,749",,"10,686",352,"7,120,830","129,435","55,014,511 ",Asia
Palestine,28-02-2022,"576,078",+706,"5,226 ",+10,"555,027","+2,005","15,825",104,"108,738",986,"3,078,533","581,092","5,297,838 ",Asia
Dominican Republic,28-02-2022,"574,556",+264,"4,368 ", ,"568,322",+291,"1,866",40,"52,099",396,"3,115,197","282,475","11,028,235 ",North America
Venezuela,28-02-2022,"515,124",+329,"5,636 ",+3,"503,133",+715,"6,355",230,"18,201",199,"3,359,014","118,683","28,302,347 ",South America
Bahrain,28-02-2022,"514,883","+2,577","1,454 ",+1,"487,781","+2,776","25,648",16,"286,131",808,"9,397,068","5,222,134","1,799,469 ",Asia
Moldova,28-02-2022,"501,800",+488,"11,216 ",+3,"476,641",+723,"13,943",96,"124,875","2,791","3,024,067","752,552","4,018,418 ",Europe
Libya,28-02-2022,"494,446",+898,"6,261 ",+11,"463,762","+2,660","24,423",129,"70,372",891,"2,423,118","344,871","7,026,150 ",Africa
Estonia,28-02-2022,"494,430","+2,281","2,236 ",+11,"368,812","+1,885","123,382",25,"372,308","1,684","3,100,487","2,334,679","1,328,014 ",Europe
Egypt,28-02-2022,"483,771","+1,523","24,074 ",+34,"413,482","+1,321","46,215",122,"4,584",228,"3,693,367","34,998","105,532,272 ",Africa
Ethiopia,28-02-2022,"468,727",+53,"7,462 ",+2,"417,161",+457,"44,104",86,"3,917",62,"4,505,854","37,649","119,679,812 ",Africa
Mongolia,28-02-2022,"464,211",+166,"2,168 ",,"313,256",,"148,787",192,"137,921",644,"4,030,048","1,197,361","3,365,774 ",Asia
Armenia,28-02-2022,"419,832",+139,"8,461 ",+12,"401,677",+837,"9,694",,"141,242","2,846","2,894,588","973,813","2,972,426 ",Asia
Honduras,28-02-2022,"411,212",,"10,720 ",,"127,663",,"272,829",105,"40,451","1,055","1,263,329","124,274","10,165,654 ",North America
Oman,28-02-2022,"382,244",+863,"4,244 ",+2,"368,677","+1,473","9,323",60,"71,827",797,"25,000,000","4,697,736","5,321,712 ",Asia
Bosnia and Herzegovina,28-02-2022,"371,202",+135,"15,459 ",+24,"192,218",,"163,525",,"114,322","4,761","1,699,911","523,536","3,246,982 ",Europe
Qatar,28-02-2022,"356,982",+311,670 ,+2," 353,139",+586,"3,173",20,"127,139",239,"3,374,531","1,201,840","2,807,805 ",Asia
Kenya,28-02-2022,"322,946",+16,"5,639 ",,"303,261",+13,"14,046",4,"5,794",101,"3,371,198","60,488","55,733,280 ",Africa
Cyprus,28-02-2022,"322,516","+2,356",856 ,+2,"124,370",,"197,290",60,"263,940",701,"9,477,138","7,755,876","1,221,930 ",Asia
Zambia,28-02-2022,"312,750",+43,"3,952 ",,"307,102",+256,"1,696",1,"16,258",205,"3,270,113","169,995","19,236,469 ",Africa
North Macedonia,28-02-2022,"297,262",+181,"9,010 ",+9,"284,756",+848,"3,496",,"142,693","4,325","1,890,628","907,546","2,083,232 ",Europe
Réunion,28-02-2022,"292,126",,640 ,,"274,185",,"17,301",40,"322,469",706,"1,424,291","1,572,230","905,905 ",Africa
Albania,28-02-2022,"271,563",+36,"3,469 ",+5,"265,588",+313,"2,506",13,"94,536","1,208","1,743,290","606,871","2,872,587 ",Europe
Algeria,28-02-2022,"264,936",+81,"6,835 ",+4,"177,513",+76,"80,588",11,"5,866",151,"230,861","5,112","45,163,044 ",Africa
Botswana,28-02-2022,"263,950",,"2,619 ",,"259,434",,"1,897",1,"108,608","1,078","2,026,898"," 834,015","2,430,289 ",Africa
Nigeria,28-02-2022,"254,560",+35,"3,142 ",,"249,079",+66,"2,339",11,"1,186",15,"4,442,964","20,703","214,601,293 ",Africa
Uzbekistan,28-02-2022,"236,405",+106,"1,635 ", +2,"232,918",+321,"1,852",23,"6,898",48,"1,377,915","40,204","34,273,078 ",Asia
Zimbabwe,28-02-2022,"235,975",,"5,394 ",,"226,069",,"4,512",12,"15,503",354,"2,078,325","136,539","15,221,494 ",Africa
Montenegro,28-02-2022,"230,207",+87,"2,680 ",+4,"226,015",+168,"1,512",60,"366,456","4,266","1,169,541","1,861,739","628,198 ",Europe
Mozambique,28-02-2022,"225,047",+9,"2,192 ",,"219,430",+109,"3,425",13,"6,881",67,"1,268,833","38,796","32,705,391 ",Africa
Hong Kong,28-02-2022,"205,780","+34,466",744 ,+85,"13,232",,"191,804",16,"27,084",98,"36,260,319","4,772,469","7,597,812 ",Asia
Kyrgyzstan,28-02-2022,"200,500",+22,"2,957 ",+1,"195,161",+105,"2,382",131,"29,914",441,"1,907,195","284,547","6,702,560 ",Asia
Luxembourg,28-02-2022,"183,177","+1,274",991 ,+3,"173,718","+2,340","8,468",6,"284,943","1,542","4,069,682","6,330,647","642,854 ",Europe
Afghanistan,28-02-2022,"173,659",+94,"7,598 ",+2,"156,326",+407,"9,735","1,124","4,301",188,"890,731","22,058","40,380,544 ",Asia
Maldives,28-02-2022,"170,192",+560,297 ,,"154,864",+618,"15,031",25,"305,925",534,"2,187,033","3,931,257","556,319 ",Asia
Uganda,28-02-2022,"163,266",+16,"3,588 ",,"99,995",+5,"59,683",35,"3,392",75,"2,460,535","51,120","48,132,380 ",Africa
Ghana,28-02-2022," 159,674",+550,"1,442 ",,"157,623",+490,609,1,"4,967",45,"2,321,483","72,214","32,147,436 ",Africa
Namibia,28-02-2022,"157,225",+15,"4,007 ",,"152,694",,524,2,"60,075","1,531","955,455","365,075","2,617,148 ",Africa
El Salvador,28-02-2022,"156,364",+396,"4,071 ",+3,"132,410",+754,"19,883",153,"23,907",622,"1,758,939","268,932","6,540,466 ",North America
Laos,28-02-2022,"142,743",+134,621 ,,"7,660",," 134,462",,"19,159",83,"1,000,342","134,265","7,450,526 ",Asia
Cambodia,28-02-2022,"130,276",+356,"3,032 ",,"123,772",+419,"3,472",,"7,617",177,"2,859,086","167,174","17,102,442 ",Asia
Iceland,28-02-2022,"129,844","+1,099",62 ,+1,"75,685",,"54,097",2,"376,452",180,"1,754,901","5,087,923","344,915 ",Europe
Rwanda,28-02-2022,"129,502",+13,"1,457 ",,"45,522",,"82,523",1,"9,604",108,"4,845,030","359,318","13,483,964 ",Africa
Jamaica,28-02-2022,"127,986",+25,"2,813 ",,"76,987",+284,"48,186",25,"42,911",943,"851,460","285,476","2,982,596 ",North America
Trinidad and Tobago,28-02-2022,"127,767",+363,"3,628 ",+6,"102,314", +269,"21,825",18,"90,808","2,579","628,553","446,732","1,407,002 ",North America
Guadeloupe,28-02-2022,"126,642",,837 ,,"2,250",,"123,555",19,"316,418","2,091","938,039","2,343,709","400,237 ",North America
Cameroon,28-02-2022,"119,240",,"1,923 ",,"117,089",,228,13,"4,314",70,"1,751,774","63,378","27,640,233 ",Africa
Martinique,28-02-2022,"112,901",,876 ,,104,,"111,921",16,"301,244","2,337","678,821","1,811,237","374,783 ",North America
China,28-02-2022," 109,326",+234,"4,636 ",,"101,936",+68,"2,754",21,76,3,"160,000,000","111,163","1,439,323,776 ",Asia
New Zealand,28-02-2022,"100,821","+14,683",56 ,,"18,332",+218,"82,433",,"20,156",11,"6,711,198","1,341,676","5,002,100 ",Australia/Oceania
Angola,28-02-2022,"98,741",+40,"1,900 ",+1,"96,680",+58,161,,"2,857",55,"1,428,954","41,348","34,558,792 ",Africa
DRC,28-02-2022,"86,018",+19,"1,335 ",,"50,930",,"33,753",,914,14,"846,704","9,001","94,069,263 ",Africa
Senegal,28-02-2022,"85,693",+17,"1,960 ",,"83,631",+9,102,2,"4,904",112,"1,014,840","58,075","17,474,620 ",Africa
Malawi,28-02-2022,"85,339",+11,"2,615 ",,"75,600",+22,"7,124",67,"4,278",131,"546,965","27,419","19,948,581 ",Africa
Ivory Coast,28-02-2022,"81,483",+16,793 ,+1,"79,892",+76,798,,"2,967",29,"1,417,847","51,633","27,460,090 ",Africa
Suriname,28-02-2022,"78,123",+31,"1,316 ",,"49,355",+1,"27,452",3,"131,223","2,210","228,303","383,480","595,345 ",South America
French Guiana,28-02-2022,"77,652",,391 ,,"11,254",,"66,007",6,"249,282","1,255","591,966","1,900,354","311,503 ",South America
Malta,28-02-2022,"71,275",+40,605 ,+1,"69,566",+61,"1,104",3,"160,713","1,364","1,211,456","2,731,624","443,493 ",Europe
Eswatini,28-02-2022,"69,160",+30,"1,390 ",,"67,675",+32,95,11,"58,606","1,178","477,592","404,713","1,180,076 ",Africa
French Polynesia,28-02-2022,"66,699","+1,116",639 ,+1,N/A,N/A,N/A,7,"235,187","2,253",,,"283,600 ",Australia/Oceania
Fiji,28-02-2022,"63,930",+2,834 ,+1,"61,908",+18,"1,188",,"70,468",919,"497,039","547,874","907,214 ",Australia/Oceania
Madagascar,28-02-2022,"63,659",,"1,366 ",,"58,677",,"3,616",61,"2,205",47,"398,434","13,801","28,869,939 ",Africa
Brunei ,28-02-2022,"63,542","+4,095",125 ,+4,"33,512","+2,490","29,905",,"142,976",281,"712,994","1,604,314","444,423 ",Asia
Guyana,28-02-2022,"62,921",+30,"1,220 ",,"61,219",+290,482,8,"79,361","1,539"," 539,596","680,582","792,845 ",South America
Sudan,28-02-2022,"61,458",+82,"3,908 ",+7,"40,329",,"17,221",,"1,349",86,"562,941","12,360","45,545,025 ",Africa
Mauritania,28-02-2022,"58,633",+1,979 ,,"57,604",+2,50,30,"12,084",202,"745,392","153,624","4,852,051 ",Africa
Belize,28-02-2022,"56,694",+97,650 ,,"54,741",+288,"1,303",6,"138,417","1,587","501,604","1,224,655","409,588 ",North America
Cabo Verde,28-02-2022,"55,886",+4,401 ,,"55,414",+5,71,23,"98,739",708,"400,982","708,453","565,997 ",Africa
Barbados,28-02-2022,"55,165",+134,316 ,+1,"52,864",+611,"1,985",,"191,573","1,097","585,575","2,033,543","287,958 ",North America
Syria,28-02-2022,"54,575",+95,"3,075 ",+4,"47,133",+200,"4,367",,"2,998",169,"146,269","8,035","18,204,773 ",Asia
New Caledonia,28-02-2022,"54,177"," +1,170",299 ,,"46,473","+4,155","7,405",32,"186,786","1,031","98,964","341,199","290,048 ",Australia/Oceania
Channel Islands,28-02-2022,"51,002",+618,143 ,,"48,104",+471,"2,755",,"288,930",810,"1,209,938","6,854,396","176,520 ",Europe
Gabon,28-02-2022,"47,543",+9,303 ,,"46,561",+406,679,1,"20,557",131,"1,571,354","679,440","2,312,720 ",Africa
Papua New Guinea,28-02-2022,"41,290",+252,638 ,,"39,344",+488,"1,308",7,"4,475",69,"249,149","27,000","9,227,822 ",Australia/Oceania
Seychelles,28-02-2022,"39,336",,163 ,,"38,731",,442,,"395,910","1,641",,,"99,356 ",Africa
Curaçao,28-02-2022,"38,944",+11,261 ,,"38,386",+34,297,3,"235,730","1,580","492,011","2,978,167","165,206 ",North America
Burundi,28-02-2022,"38,063",,38 ,,773,,"37,252",,"3,051",3,"345,742","27,710","12,477,114 ",Africa
Andorra,28-02-2022,"37,999",,151 ,,"37,135",,713,14,"490,500","1,949","249,838","3,224,965","77,470 ",Europe
Togo,28-02-2022,"36,798",,272 ,,"36,410",,116,,"4,279",32,"689,248","80,144","8,600,099 ",Africa
Mayotte,28-02-2022,"36,662",,187 ,,"2,964",,"33,511",,"129,220",659,"176,919","623,576","283,717 ",Africa
Guinea,28-02-2022,"36,397",+4, 440 ,,"32,939",,"3,018",49,"2,652",32,"587,607","42,820","13,722,669 ",Africa
Faeroe Islands,28-02-2022,"34,237",,28 ,,"7,693",,"26,516",5,"696,284",569,"778,000","15,822,334","49,171 ",Europe
Aruba,28-02-2022,"33,684",+8,211 ,,"33,418",+12,55,6,"313,287","1,962","177,885","1,654,467","107,518 ",North America
Tanzania,28-02-2022,"33,620",,798 ,,N/A,N/A,N/A,7,537,13,,,"62,551,409 ",Africa
Bahamas,28-02-2022,"33,135",+6,771 ,,"26,221",,"6,143",9,"82,947","1,930","220,353","551,609","399,473 ",North America
Lesotho,28-02-2022,"32,612",,696 , ,"23,343",,"8,573",,"15,026",321,"398,053","183,401","2,170,402 ",Africa
Mauritius,28-02-2022,"31,731",+873,786 ,,"27,594",+586,"3,351",,"24,882",616,"358,675","281,255","1,275,267 ",Africa
Mali,28-02-2022,"30,381",+3,722 ,,"29,498",+28,161,,"1,432",34,"621,663","29,301","21,216,600 ",Africa
Haiti,28-02-2022,"30,342",,820 ,,"25,219",+9,"4,303",,"2,608",70,"132,422"," 11,383","11,632,922 ",North America
Benin,28-02-2022,"26,567",,163 ,,"25,506",,898,5,"2,100",13,"604,310","47,775","12,649,051 ",Africa
Somalia,28-02-2022,"26,313",,"1,348 ",," 13,182",,"11,783",,"1,583",81,"400,466","24,085","16,627,432 ",Africa
Congo,28-02-2022,"24,020",+53,378 ,,"20,178",,"3,464",,"4,182",66,"347,815","60,563","5,743,034 ",Africa
Isle of Man,28-02-2022,"22,844",+68,79 ,,"22,335",+20,430,,"266,312",921,"150,753","1,757,458","85,779 ",Europe
Saint Lucia,28-02-2022,"22,694",+27,358 ,,"22,180",+88,156,4,"122,658","1,935","135,644","733,139","185,018 ",North America
Timor-Leste,28-02-2022,"22,693",+25,128 ,,"22,140",+132,425,9,"16,685",94,"248,770","182,912","1,360,050 ",Asia
Burkina Faso,28-02-2022,"20,751",,375 ,," 20,309",,67,,950,17,"248,995","11,394","21,852,404 ",Africa
Taiwan,28-02-2022,"20,489",+56,853 ,,"18,386",+48,"1,250",,858,36,"11,589,121","485,139","23,888,249 ",Asia
Cayman Islands,28-02-2022,"19,373",,17 ,,"8,553",,"10,803",2,"289,145",254,"222,773","3,324,921","67,001 ",North America
Nicaragua,28-02-2022,"18,004",,220 ,,"4,225",,"13,559",,"2,665",33,,,"6,755,191 ",North America
Tajikistan,28-02-2022,"17,388",,124 ,,"17,263",,1,,"1,758",13,,,"9,892,489 ",Asia
South Sudan,28-02-2022,"16,973",+18,137 ,,"13,271",+21,"3,565",1,"1,487",12,"340,487","29,838","11,411,252 ",Africa
Equatorial Guinea,28-02-2022,"15,884",+7,182 ,,"15,664",+11,38,5,"10,738",123,"273,437","184,844","1,479,284 ",Africa
Djibouti,28-02-2022,"15,547",,189 ,,"15,352",,6,,"15,366",187,"285,109","281,781","1,011,811 ",Africa
Gibraltar,28-02-2022,"15,428",+115,101 ,,"14,832",+233,495,10,"458,158","2,999","514,605","15,281,968","33,674 ",Europe
San Marino,28-02-2022,"14,369",+162,112 ,,"13,994",+291,263,4,"422,009","3,289","136,485","4,008,488","34,049 ",Europe
CAR,28-02-2022,"14,225",+38,113 ,,"6,859", ,"7,253",2,"2,863",23,"81,294","16,361","4,968,909 ",Africa
Grenada,28-02-2022,"13,690",+11,216 ,,"13,336",+78,138,4,"120,737","1,905","136,411","1,203,057","113,387 ",North America
Bhutan,28-02-2022,"12,702",+508,6 ,,"8,291",+381,"4,405",,"16,167",8,"1,983,905","2,525,045","785,691 ",Asia
Liechtenstein,28-02-2022,"12,001",+93,78 ,,"11,485",+298,438,4,"313,268","2,036","80,413","2,099,063","38,309 ",Europe
Gambia,28-02-2022,"11,939",+15,365 ,,"11,559",+98,15,4,"4,721",144,"137,657","54,430","2,529,087 ",Africa
Yemen,28-02-2022,"11,771",+2,"2,135 ",+1,"8,693",+4,943,23,381,69,"265,253","8,580","30,914,094 ",Asia
Greenland,28-02-2022,"11,715",,18 ,+2,"2,761",,"8,936",7,"205,768",316,"164,926","2,896,844","56,933 ",North America
Bermuda,28-02-2022,"11,561",+71,123 ,,"11,271",+121,167,,"186,781","1,987","800,448","12,932,144","61,896 ",North America
Dominica,28-02-2022,"11,108",+92,57 ,,"10,712",+149,339,,"153,676",789,"167,204","2,313,218","72,282 ",North America
Saint Martin,28-02-2022,"9,877",,63 ,,"1,399",,"8,415",7,"248,422","1,585","78,366","1,971,025","39,759 ",North America
Eritrea,28-02-2022,"9,701",+1,103 ,," 9,594",+1,4,,"2,674",28,"23,693","6,531","3,627,768 ",Africa
Sint Maarten,28-02-2022,"9,561",+13,85 ,,"9,430",+10,46,10,"218,872","1,946","62,056","1,420,598","43,683 ",North America
Monaco,28-02-2022,"9,411",+34,51 ,,"9,190",+50,170,4,"237,035","1,285","54,960","1,384,278","39,703 ",Europe
Niger,28-02-2022,"8,754",+3,307 ,,"8,432",,15,1,341,12,"228,839","8,919"," 25,656,817 ",Africa
Comoros,28-02-2022,"8,033",,160 ,,"7,855",,18,,"8,923",178,,,"900,287 ",Africa
Guinea-Bissau,28-02-2022,"8,001",,167 ,,"6,978", ,856,6,"3,912",82,"123,632","60,455","2,045,041 ",Africa
Sierra Leone,28-02-2022,"7,665",,125 ,,N/A,N/A,N/A,,930,15,"259,958","31,526","8,245,724 ",Africa
 Caribbean Netherlands,28-02-2022,"7,575",+11,31 ,,"7,482",+38,62,,"284,486","1,164","30,126","1,131,408","26,627 ",North America
Antigua and Barbuda,28-02-2022,"7,437",,135 ,,"7,253",,49,1,"74,915","1,360","18,901","190,394","99,273  ",North America
Liberia,28-02-2022,"7,384",+24,294 ,+4,"5,747",,"1,343",2,"1,405",56,"139,824","26,610","5,254,574 ",Africa
Chad,28-02-2022,"7,255",+9,190 ,,"4,874", ,"2,191",,422,11,"191,341","11,120","17,206,283 ",Africa
Solomon Islands,28-02-2022,"7,049",+112,99 ,+3,"1,757",+25,"5,193",3,"9,862",139,"5,117","7,159","714,782 ",Australia/Oceania
St. Vincent Grenadines,28-02-2022,"6,740",+1,106 ,,"6,604",+13,30,,"60,435",950,"98,236","880,851","111,524 ",North America
British Virgin Islands,28-02-2022,"6,085",+11,62 ,,N/A,N/A,N/A,6,"199,084","2,028","99,936","3,269,622","30,565 ",North America
Sao Tome and Principe,28-02-2022,"5,934",,72 ,,"5,852",,10,,"26,268",319,"29,036","128,534","225,902 ",Africa
Turks and Caicos,28-02-2022,"5,867",,36 ,,"5,787",,44,4,"148,213",909,"419,792","10,604,825","39,585 ",North America
Saint Kitts and Nevis,28-02-2022,"5,530",,42 ,,"5,480",,8,1,"102,744",780,"65,141","1,210,282","53,823 ",North America
Palau,28-02-2022,"3,781",+55,6 ,,"3,140",+198,635,5,"207,326",329,"36,979","2,027,691","18,237 ",Australia/Oceania
St. Barth,28-02-2022,"3,758",,6 ,,N/A,N/A,N/A,,"378,564",604,"56,491","5,690,642"," 9,927 ",North America
Kiribati,28-02-2022,"2,914",,11 ,,"2,051",,852,4,"23,790",90,,,"122,486 ",Australia/Oceania
Anguilla,28-02-2022,"2,555",+27,9 ,,"2,528",+22,18,4,"167,816",591,"51,382","3,374,844","15,225 ",North America
Saint Pierre Miquelon,28-02-2022,"1,070",,1 ,,"1,049",,20,1,"186,184",174,"17,358","3,020,358","5,747 ",North America
Diamond Princess,28-02-2022,712,,13 ,,699,,0,,,,,, ,
Wallis and Futuna,28-02-2022,454,,7 ,,438,,9,,"41,602",641,"20,508","1,879,227","10,913 ", Australia/Oceania
Tonga,28-02-2022,355,, ,,177,,178,,"3,297",,,,"107,681 ",Australia/Oceania
Montserrat,28-02-2022,164,,2 ,,161,,1,,"32,820",400,"8,359","1,672,804","4,997 ",North America
Falkland Islands,28-02-2022,109,, ,,N/A,N/A,N/A,,"29,879",,"8,632","2,366,228","3,648 ",South America
Macao,28-02-2022, 81,, ,,79,,2,,122,,"5,318","8,009","664,005 ",Asia
Samoa,28-02-2022,33,, ,,3,,30,,165,,,,"200,600 ",Australia/Oceania
Vatican City,28-02-2022,29,, ,,28,,1,,"36,070",,,,804 ,Europe
Cook Islands,28-02-2022,25,, ,,4,,21,,"1,421",," 1,309","74,413","17,591 ",Australia/Oceania
Vanuatu,28-02-2022,18,,1 ,,6,,11,,56,3,"23,000","72,093","319,033 ",Australia/Oceania
Western Sahara,28-02-2022,10,,1 , ,8,,1,,16,2,,,"621,662 ",Africa
MS Zaandam,28-02-2022,9,,2 ,,7,,0,,,,,, ,
Marshall Islands,28-02-2022,7,, ,,7,,0,,117,,,,"59,852 ",Australia/Oceania
Saint Helena,28-02-2022,2,, ,,2,,0,,327,,,,"6,107  ",Africa
Micronesia,28-02-2022,1,, ,,1,,0,,9,,,,"117,022 ",Australia/Oceania
